Transaction ID,Date,Customer ID,Age,Quantity,Price per Unit,Total Amount,Year,Month,Day,Weekday,Weekend_Flag,Calculated_Total,Gender_Male,Product Category_Clothing,Product Category_Electronics,Age_Group_Young,Age_Group_Adult,Age_Group_Senior,Age_Group_Old,Holiday_Flag,Discount,Anomaly
1,2023-11-24,CUST001,34,3,50,150,2023,11,24,4,0,150,True,False,False,False,True,False,False,1,38,0
2,2023-02-27,CUST002,26,2,500,1000,2023,2,27,0,0,1000,False,True,False,True,False,False,False,0,28,0
3,2023-01-13,CUST003,50,1,30,30,2023,1,13,4,0,30,True,False,True,False,False,True,False,0,14,0
4,2023-05-21,CUST004,37,1,500,500,2023,5,21,6,1,500,True,True,False,False,True,False,False,0,7,0
5,2023-05-06,CUST005,30,2,50,100,2023,5,6,5,1,100,True,False,False,True,False,False,False,0,20,0
6,2023-04-25,CUST006,45,1,30,30,2023,4,25,1,0,30,False,False,False,False,True,False,False,0,38,0
7,2023-03-13,CUST007,46,2,25,50,2023,3,13,0,0,50,True,True,False,False,False,True,False,0,18,0
8,2023-02-22,CUST008,30,4,25,100,2023,2,22,2,0,100,True,False,True,True,False,False,False,0,22,0
9,2023-12-13,CUST009,63,2,300,600,2023,12,13,2,0,600,True,False,True,False,False,False,True,1,10,0
10,2023-10-07,CUST010,52,4,50,200,2023,10,7,5,1,200,False,True,False,False,False,True,False,1,10,0
11,2023-02-14,CUST011,23,2,50,100,2023,2,14,1,0,100,True,True,False,True,False,False,False,0,23,0
12,2023-10-30,CUST012,35,3,25,75,2023,10,30,0,0,75,True,False,False,False,True,False,False,1,35,0
13,2023-08-05,CUST013,22,3,500,1500,2023,8,5,5,1,1500,True,False,True,True,False,False,False,0,39,0
14,2023-01-17,CUST014,64,4,30,120,2023,1,17,1,0,120,True,True,False,False,False,False,True,0,23,0
15,2023-01-16,CUST015,42,4,500,2000,2023,1,16,0,0,2000,False,False,True,False,True,False,False,0,2,1
16,2023-02-17,CUST016,19,3,500,1500,2023,2,17,4,0,1500,True,True,False,True,False,False,False,0,21,0
17,2023-04-22,CUST017,27,4,25,100,2023,4,22,5,1,100,False,True,False,True,False,False,False,0,1,0
18,2023-04-30,CUST018,47,2,25,50,2023,4,30,6,1,50,False,False,True,False,False,True,False,0,23,0
19,2023-09-16,CUST019,62,2,25,50,2023,9,16,5,1,50,False,True,False,False,False,False,True,0,29,0
20,2023-11-05,CUST020,22,3,300,900,2023,11,5,6,1,900,True,True,False,True,False,False,False,1,37,0
21,2023-01-14,CUST021,50,1,500,500,2023,1,14,5,1,500,False,False,False,False,False,True,False,0,1,0
22,2023-10-15,CUST022,18,2,50,100,2023,10,15,6,1,100,True,True,False,False,False,False,False,1,20,0
23,2023-04-12,CUST023,35,4,30,120,2023,4,12,2,0,120,False,True,False,False,True,False,False,0,32,0
24,2023-11-29,CUST024,49,1,300,300,2023,11,29,2,0,300,False,True,False,False,False,True,False,1,11,0
25,2023-12-26,CUST025,64,1,50,50,2023,12,26,1,0,50,False,False,False,False,False,False,True,1,21,0
26,2023-10-07,CUST026,28,2,500,1000,2023,10,7,5,1,1000,False,False,True,True,False,False,False,1,24,0
27,2023-08-03,CUST027,38,2,25,50,2023,8,3,3,0,50,False,False,False,False,True,False,False,0,26,0
28,2023-04-23,CUST028,43,1,500,500,2023,4,23,6,1,500,False,False,False,False,True,False,False,0,27,0
29,2023-08-18,CUST029,42,1,30,30,2023,8,18,4,0,30,False,False,True,False,True,False,False,0,15,0
30,2023-10-29,CUST030,39,3,300,900,2023,10,29,6,1,900,False,False,False,False,True,False,False,1,14,0
31,2023-05-23,CUST031,44,4,300,1200,2023,5,23,1,0,1200,True,False,True,False,True,False,False,0,2,0
32,2023-01-04,CUST032,30,3,30,90,2023,1,4,2,0,90,True,False,False,True,False,False,False,0,36,0
33,2023-03-23,CUST033,50,2,50,100,2023,3,23,3,0,100,False,False,True,False,False,True,False,0,6,0
34,2023-12-24,CUST034,51,3,50,150,2023,12,24,6,1,150,False,True,False,False,False,True,False,1,20,0
35,2023-08-05,CUST035,58,3,300,900,2023,8,5,5,1,900,False,False,False,False,False,True,False,0,8,0
36,2023-06-24,CUST036,52,3,300,900,2023,6,24,5,1,900,True,False,False,False,False,True,False,0,38,0
37,2023-05-23,CUST037,18,3,25,75,2023,5,23,1,0,75,False,False,False,False,False,False,False,0,17,0
38,2023-03-21,CUST038,38,4,50,200,2023,3,21,1,0,200,True,False,False,False,True,False,False,0,3,0
39,2023-04-21,CUST039,23,4,30,120,2023,4,21,4,0,120,True,True,False,True,False,False,False,0,24,0
40,2023-06-22,CUST040,45,1,50,50,2023,6,22,3,0,50,True,False,False,False,True,False,False,0,13,0
41,2023-02-22,CUST041,34,2,25,50,2023,2,22,2,0,50,True,True,False,False,True,False,False,0,8,0
42,2023-02-17,CUST042,22,3,300,900,2023,2,17,4,0,900,True,True,False,True,False,False,False,0,25,0
43,2023-07-14,CUST043,48,1,300,300,2023,7,14,4,0,300,False,True,False,False,False,True,False,0,1,0
44,2023-02-19,CUST044,22,1,25,25,2023,2,19,6,1,25,False,True,False,True,False,False,False,0,19,0
45,2023-07-03,CUST045,55,1,30,30,2023,7,3,0,0,30,False,False,True,False,False,True,False,0,27,0
46,2023-06-26,CUST046,20,4,300,1200,2023,6,26,0,0,1200,False,False,True,True,False,False,False,0,6,0
47,2023-11-06,CUST047,40,3,500,1500,2023,11,6,0,0,1500,False,False,False,False,True,False,False,1,7,0
48,2023-05-16,CUST048,54,3,300,900,2023,5,16,1,0,900,True,False,True,False,False,True,False,0,34,0
49,2023-01-23,CUST049,54,2,500,1000,2023,1,23,0,0,1000,False,False,True,False,False,True,False,0,13,0
50,2023-08-24,CUST050,27,3,25,75,2023,8,24,3,0,75,False,False,False,True,False,False,False,0,16,0
51,2023-10-02,CUST051,27,3,25,75,2023,10,2,0,0,75,True,False,False,True,False,False,False,1,35,0
52,2023-03-05,CUST052,36,1,300,300,2023,3,5,6,1,300,False,False,False,False,True,False,False,0,39,0
53,2023-07-13,CUST053,34,2,50,100,2023,7,13,3,0,100,True,False,True,False,True,False,False,0,3,0
54,2023-02-10,CUST054,38,3,500,1500,2023,2,10,4,0,1500,False,False,True,False,True,False,False,0,1,0
55,2023-10-10,CUST055,31,4,30,120,2023,10,10,1,0,120,True,False,False,False,True,False,False,1,5,0
56,2023-05-31,CUST056,26,3,300,900,2023,5,31,2,0,900,False,True,False,True,False,False,False,0,3,0
57,2023-11-18,CUST057,63,1,30,30,2023,11,18,5,1,30,False,False,False,False,False,False,True,1,28,0
58,2023-11-13,CUST058,18,4,300,1200,2023,11,13,0,0,1200,True,True,False,False,False,False,False,1,17,1
59,2023-07-05,CUST059,62,1,50,50,2023,7,5,2,0,50,True,True,False,False,False,False,True,0,25,0
60,2023-10-23,CUST060,30,3,50,150,2023,10,23,0,0,150,True,False,False,True,False,False,False,1,33,0
61,2023-04-09,CUST061,21,4,50,200,2023,4,9,6,1,200,True,False,False,True,False,False,False,0,9,0
62,2023-12-27,CUST062,18,2,50,100,2023,12,27,2,0,100,True,False,False,False,False,False,False,1,35,0
63,2023-02-05,CUST063,57,2,25,50,2023,2,5,6,1,50,True,False,True,False,False,True,False,0,13,0
64,2023-01-24,CUST064,49,4,25,100,2023,1,24,1,0,100,True,True,False,False,False,True,False,0,30,0
65,2023-12-05,CUST065,51,4,500,2000,2023,12,5,1,0,2000,True,False,True,False,False,True,False,1,14,1
66,2023-04-27,CUST066,45,1,30,30,2023,4,27,3,0,30,False,False,True,False,True,False,False,0,7,0
67,2023-05-29,CUST067,48,4,300,1200,2023,5,29,0,0,1200,False,False,False,False,False,True,False,0,13,0
68,2023-02-10,CUST068,25,1,300,300,2023,2,10,4,0,300,True,False,True,True,False,False,False,0,22,0
69,2023-04-30,CUST069,56,3,25,75,2023,4,30,6,1,75,False,False,False,False,False,True,False,0,39,0
70,2023-02-21,CUST070,43,1,300,300,2023,2,21,1,0,300,False,True,False,False,True,False,False,0,20,0
71,2023-07-14,CUST071,51,4,25,100,2023,7,14,4,0,100,False,False,False,False,False,True,False,0,15,0
72,2023-05-23,CUST072,20,4,500,2000,2023,5,23,1,0,2000,False,False,True,True,False,False,False,0,17,0
73,2023-08-21,CUST073,29,3,30,90,2023,8,21,0,0,90,True,False,True,True,False,False,False,0,23,0
74,2023-11-22,CUST074,18,4,500,2000,2023,11,22,2,0,2000,False,False,False,False,False,False,False,1,25,1
75,2023-07-06,CUST075,61,4,50,200,2023,7,6,3,0,200,True,False,False,False,False,False,True,0,24,0
76,2023-03-25,CUST076,22,2,50,100,2023,3,25,5,1,100,False,False,True,True,False,False,False,0,40,0
77,2023-07-09,CUST077,47,2,50,100,2023,7,9,6,1,100,False,True,False,False,False,True,False,0,28,0
78,2023-07-01,CUST078,47,3,500,1500,2023,7,1,5,1,1500,False,True,False,False,False,True,False,0,14,0
79,2023-04-18,CUST079,34,1,300,300,2023,4,18,1,0,300,True,False,False,False,True,False,False,0,0,0
80,2023-12-10,CUST080,64,2,30,60,2023,12,10,6,1,60,False,True,False,False,False,False,True,1,24,0
81,2023-05-17,CUST081,40,1,50,50,2023,5,17,2,0,50,True,False,True,False,True,False,False,0,6,0
82,2023-12-26,CUST082,32,4,50,200,2023,12,26,1,0,200,False,False,False,False,True,False,False,1,8,0
83,2023-12-16,CUST083,54,2,50,100,2023,12,16,5,1,100,True,False,True,False,False,True,False,1,23,0
84,2023-11-28,CUST084,38,3,30,90,2023,11,28,1,0,90,False,False,True,False,True,False,False,1,0,0
85,2023-02-06,CUST085,31,3,50,150,2023,2,6,0,0,150,True,True,False,False,True,False,False,0,7,0
86,2023-11-08,CUST086,19,3,30,90,2023,11,8,2,0,90,True,False,False,True,False,False,False,1,23,0
87,2023-11-22,CUST087,28,2,50,100,2023,11,22,2,0,100,False,False,False,True,False,False,False,1,10,0
88,2023-03-29,CUST088,56,1,500,500,2023,3,29,2,0,500,True,True,False,False,False,True,False,0,16,0
89,2023-10-01,CUST089,55,4,500,2000,2023,10,1,6,1,2000,False,False,True,False,False,True,False,1,7,1
90,2023-05-06,CUST090,51,1,30,30,2023,5,6,5,1,30,False,False,True,False,False,True,False,0,34,0
91,2023-03-25,CUST091,55,1,500,500,2023,3,25,5,1,500,False,False,True,False,False,True,False,0,34,0
92,2023-08-25,CUST092,51,4,30,120,2023,8,25,4,0,120,False,False,True,False,False,True,False,0,32,0
93,2023-07-14,CUST093,35,4,500,2000,2023,7,14,4,0,2000,False,False,False,False,True,False,False,0,4,0
94,2023-05-19,CUST094,47,2,500,1000,2023,5,19,4,0,1000,False,False,False,False,False,True,False,0,38,0
95,2023-11-24,CUST095,32,2,30,60,2023,11,24,4,0,60,False,True,False,False,True,False,False,1,40,0
96,2023-12-19,CUST096,44,2,300,600,2023,12,19,1,0,600,False,True,False,False,True,False,False,1,27,0
97,2023-10-13,CUST097,51,2,500,1000,2023,10,13,4,0,1000,False,False,False,False,False,True,False,1,6,0
98,2023-04-23,CUST098,55,2,50,100,2023,4,23,6,1,100,False,False,False,False,False,True,False,0,8,0
99,2023-12-17,CUST099,50,4,300,1200,2023,12,17,6,1,1200,False,False,True,False,False,True,False,1,7,1
100,2023-06-16,CUST100,41,1,30,30,2023,6,16,4,0,30,True,False,True,False,True,False,False,0,11,0
101,2023-01-29,CUST101,32,2,300,600,2023,1,29,6,1,600,True,True,False,False,True,False,False,0,33,0
102,2023-04-28,CUST102,47,2,25,50,2023,4,28,4,0,50,False,False,False,False,False,True,False,0,32,0
103,2023-01-17,CUST103,59,1,25,25,2023,1,17,1,0,25,False,True,False,False,False,True,False,0,22,0
104,2023-06-11,CUST104,34,2,500,1000,2023,6,11,6,1,1000,False,False,False,False,True,False,False,0,23,0
105,2023-07-25,CUST105,22,1,500,500,2023,7,25,1,0,500,False,False,True,True,False,False,False,0,36,0
106,2023-05-18,CUST106,46,1,50,50,2023,5,18,3,0,50,False,True,False,False,False,True,False,0,34,0
107,2023-02-03,CUST107,21,4,300,1200,2023,2,3,4,0,1200,False,True,False,True,False,False,False,0,39,0
108,2023-04-19,CUST108,27,3,25,75,2023,4,19,2,0,75,False,False,False,True,False,False,False,0,21,0
109,2023-10-18,CUST109,34,4,500,2000,2023,10,18,2,0,2000,False,False,True,False,True,False,False,1,26,0
110,2023-06-11,CUST110,27,3,300,900,2023,6,11,6,1,900,True,True,False,True,False,False,False,0,34,0
111,2023-04-19,CUST111,34,3,500,1500,2023,4,19,2,0,1500,False,False,True,False,True,False,False,0,0,0
112,2023-12-02,CUST112,37,3,500,1500,2023,12,2,5,1,1500,True,True,False,False,True,False,False,1,34,0
113,2023-09-13,CUST113,41,2,25,50,2023,9,13,2,0,50,False,False,True,False,True,False,False,0,36,0
114,2023-07-22,CUST114,22,4,25,100,2023,7,22,5,1,100,False,False,False,True,False,False,False,0,13,0
115,2023-11-26,CUST115,51,3,500,1500,2023,11,26,6,1,1500,True,True,False,False,False,True,False,1,2,1
116,2023-08-23,CUST116,23,1,30,30,2023,8,23,2,0,30,False,True,False,True,False,False,False,0,0,0
117,2023-03-15,CUST117,19,2,500,1000,2023,3,15,2,0,1000,True,False,True,True,False,False,False,0,4,0
118,2023-05-16,CUST118,30,4,500,2000,2023,5,16,1,0,2000,False,False,True,True,False,False,False,0,25,0
119,2023-03-13,CUST119,60,3,50,150,2023,3,13,0,0,150,False,True,False,False,False,True,False,0,13,0
120,2023-05-07,CUST120,60,1,50,50,2023,5,7,6,1,50,True,False,False,False,False,True,False,0,38,0
121,2023-10-15,CUST121,28,4,50,200,2023,10,15,6,1,200,False,False,True,True,False,False,False,1,26,0
122,2023-10-03,CUST122,64,4,30,120,2023,10,3,1,0,120,True,False,True,False,False,False,True,1,8,0
123,2023-05-15,CUST123,40,2,30,60,2023,5,15,0,0,60,False,False,True,False,True,False,False,0,14,0
124,2023-10-27,CUST124,33,4,500,2000,2023,10,27,4,0,2000,True,True,False,False,True,False,False,1,14,0
125,2023-08-08,CUST125,48,2,50,100,2023,8,8,1,0,100,True,True,False,False,False,True,False,0,25,0
126,2023-10-26,CUST126,28,3,30,90,2023,10,26,3,0,90,False,True,False,True,False,False,False,1,12,0
127,2023-07-24,CUST127,33,2,25,50,2023,7,24,0,0,50,False,True,False,False,True,False,False,0,31,0
128,2023-07-05,CUST128,25,1,500,500,2023,7,5,2,0,500,True,False,False,True,False,False,False,0,38,0
129,2023-04-23,CUST129,21,2,300,600,2023,4,23,6,1,600,False,False,False,True,False,False,False,0,31,0
130,2023-03-12,CUST130,57,1,500,500,2023,3,12,6,1,500,False,True,False,False,False,True,False,0,3,0
131,2023-09-18,CUST131,21,2,300,600,2023,9,18,0,0,600,False,False,False,True,False,False,False,0,29,0
132,2023-09-10,CUST132,42,4,50,200,2023,9,10,6,1,200,True,False,True,False,True,False,False,0,36,0
133,2023-02-16,CUST133,20,3,300,900,2023,2,16,3,0,900,True,False,True,True,False,False,False,0,22,0
134,2023-01-25,CUST134,49,1,50,50,2023,1,25,2,0,50,True,False,True,False,False,True,False,0,38,0
135,2023-02-26,CUST135,20,2,25,50,2023,2,26,6,1,50,True,True,False,True,False,False,False,0,14,0
136,2023-03-20,CUST136,44,2,300,600,2023,3,20,0,0,600,True,False,True,False,True,False,False,0,28,0
137,2023-11-18,CUST137,46,2,500,1000,2023,11,18,5,1,1000,True,False,False,False,False,True,False,1,35,0
138,2023-03-23,CUST138,49,4,50,200,2023,3,23,3,0,200,True,True,False,False,False,True,False,0,12,0
139,2023-12-15,CUST139,36,4,500,2000,2023,12,15,4,0,2000,True,False,False,False,True,False,False,1,31,1
140,2023-08-05,CUST140,38,1,30,30,2023,8,5,5,1,30,True,False,True,False,True,False,False,0,6,0
141,2023-11-02,CUST141,22,1,50,50,2023,11,2,3,0,50,False,False,True,True,False,False,False,1,21,0
142,2023-02-02,CUST142,35,4,300,1200,2023,2,2,3,0,1200,True,False,True,False,True,False,False,0,27,0
143,2023-07-17,CUST143,45,1,50,50,2023,7,17,0,0,50,False,True,False,False,True,False,False,0,1,0
144,2023-07-15,CUST144,59,3,500,1500,2023,7,15,5,1,1500,False,False,False,False,False,True,False,0,5,0
145,2023-11-02,CUST145,39,3,25,75,2023,11,2,3,0,75,False,True,False,False,True,False,False,1,27,0
146,2023-08-28,CUST146,38,4,50,200,2023,8,28,0,0,200,True,True,False,False,True,False,False,0,27,0
147,2023-09-28,CUST147,23,1,300,300,2023,9,28,3,0,300,True,False,True,True,False,False,False,0,19,0
148,2023-05-09,CUST148,18,2,30,60,2023,5,9,1,0,60,True,True,False,False,False,False,False,0,29,0
149,2023-10-11,CUST149,22,3,25,75,2023,10,11,2,0,75,True,True,False,True,False,False,False,1,10,0
150,2023-01-06,CUST150,58,4,30,120,2023,1,6,4,0,120,False,False,True,False,False,True,False,0,27,0
151,2023-12-15,CUST151,29,1,50,50,2023,12,15,4,0,50,True,True,False,True,False,False,False,1,24,0
152,2023-02-28,CUST152,43,4,500,2000,2023,2,28,1,0,2000,True,False,True,False,True,False,False,0,38,0
153,2023-12-16,CUST153,63,2,500,1000,2023,12,16,5,1,1000,True,False,True,False,False,False,True,1,32,1
154,2023-10-02,CUST154,51,3,300,900,2023,10,2,0,0,900,True,False,True,False,False,True,False,1,0,0
155,2023-05-17,CUST155,31,4,500,2000,2023,5,17,2,0,2000,True,False,True,False,True,False,False,0,26,0
156,2023-11-25,CUST156,43,4,25,100,2023,11,25,5,1,100,False,True,False,False,True,False,False,1,12,0
157,2023-06-24,CUST157,62,4,500,2000,2023,6,24,5,1,2000,True,False,True,False,False,False,True,0,40,0
158,2023-02-27,CUST158,44,2,300,600,2023,2,27,0,0,600,False,False,True,False,True,False,False,0,2,0
159,2023-05-31,CUST159,26,4,50,200,2023,5,31,2,0,200,True,True,False,True,False,False,False,0,38,0
160,2023-08-11,CUST160,43,2,50,100,2023,8,11,4,0,100,False,True,False,False,True,False,False,0,5,0
161,2023-03-22,CUST161,64,2,500,1000,2023,3,22,2,0,1000,True,False,False,False,False,False,True,0,7,0
162,2023-08-21,CUST162,39,2,30,60,2023,8,21,0,0,60,True,True,False,False,True,False,False,0,26,0
163,2023-01-02,CUST163,64,3,50,150,2023,1,2,0,0,150,False,True,False,False,False,False,True,0,8,0
164,2023-05-15,CUST164,47,3,500,1500,2023,5,15,0,0,1500,False,False,False,False,False,True,False,0,36,0
165,2023-09-14,CUST165,60,4,300,1200,2023,9,14,3,0,1200,False,True,False,False,False,True,False,0,32,0
166,2023-04-02,CUST166,34,4,500,2000,2023,4,2,6,1,2000,True,True,False,False,True,False,False,0,23,0
167,2023-09-17,CUST167,43,3,50,150,2023,9,17,6,1,150,False,True,False,False,True,False,False,0,14,0
168,2023-02-24,CUST168,53,1,300,300,2023,2,24,4,0,300,True,True,False,False,False,True,False,0,31,0
169,2023-11-17,CUST169,18,3,500,1500,2023,11,17,4,0,1500,True,False,False,False,False,False,False,1,31,0
170,2023-06-02,CUST170,25,2,25,50,2023,6,2,4,0,50,False,True,False,True,False,False,False,0,23,0
171,2023-11-24,CUST171,52,3,300,900,2023,11,24,4,0,900,False,True,False,False,False,True,False,1,40,0
172,2023-09-17,CUST172,32,2,25,50,2023,9,17,6,1,50,True,False,False,False,True,False,False,0,11,0
173,2023-11-08,CUST173,64,4,30,120,2023,11,8,2,0,120,True,False,True,False,False,False,True,1,38,0
174,2023-04-12,CUST174,39,1,300,300,2023,4,12,2,0,300,False,False,False,False,True,False,False,0,1,0
175,2023-03-20,CUST175,31,4,25,100,2023,3,20,0,0,100,False,False,True,False,True,False,False,0,2,0
176,2023-07-11,CUST176,43,2,50,100,2023,7,11,1,0,100,False,False,False,False,True,False,False,0,36,0
177,2023-03-24,CUST177,45,2,50,100,2023,3,24,4,0,100,True,False,False,False,True,False,False,0,16,0
178,2023-10-04,CUST178,40,2,30,60,2023,10,4,2,0,60,True,True,False,False,True,False,False,1,1,0
179,2023-09-29,CUST179,31,1,300,300,2023,9,29,4,0,300,True,False,True,False,True,False,False,0,1,0
180,2023-01-01,CUST180,41,3,300,900,2023,1,1,6,1,900,True,True,False,False,True,False,False,0,27,0
181,2023-11-03,CUST181,19,4,300,1200,2023,11,3,4,0,1200,True,False,True,True,False,False,False,1,22,0
182,2023-06-15,CUST182,62,4,30,120,2023,6,15,3,0,120,True,False,False,False,False,False,True,0,36,0
183,2023-09-08,CUST183,43,3,300,900,2023,9,8,4,0,900,False,False,False,False,True,False,False,0,31,0
184,2023-01-10,CUST184,31,4,50,200,2023,1,10,1,0,200,True,False,True,False,True,False,False,0,32,0
185,2023-02-27,CUST185,24,1,25,25,2023,2,27,0,0,25,True,True,False,True,False,False,False,0,0,0
186,2023-07-05,CUST186,20,4,50,200,2023,7,5,2,0,200,True,True,False,True,False,False,False,0,18,0
187,2023-06-07,CUST187,64,2,50,100,2023,6,7,2,0,100,False,True,False,False,False,False,True,0,1,0
188,2023-05-03,CUST188,40,3,25,75,2023,5,3,2,0,75,True,True,False,False,True,False,False,0,25,0
189,2023-01-30,CUST189,63,1,50,50,2023,1,30,0,0,50,True,False,False,False,False,False,True,0,31,0
190,2023-05-04,CUST190,60,3,30,90,2023,5,4,3,0,90,False,False,False,False,False,True,False,0,5,0
191,2023-10-18,CUST191,64,1,25,25,2023,10,18,2,0,25,True,False,False,False,False,False,True,1,31,0
192,2023-02-10,CUST192,62,2,50,100,2023,2,10,4,0,100,True,False,False,False,False,False,True,0,3,0
193,2023-02-13,CUST193,35,3,500,1500,2023,2,13,0,0,1500,True,False,False,False,True,False,False,0,10,0
194,2023-09-06,CUST194,55,4,50,200,2023,9,6,2,0,200,True,True,False,False,False,True,False,0,16,0
195,2023-02-05,CUST195,52,1,30,30,2023,2,5,6,1,30,True,True,False,False,False,True,False,0,37,0
196,2023-09-30,CUST196,32,3,300,900,2023,9,30,5,1,900,False,True,False,False,True,False,False,0,23,0
197,2023-03-06,CUST197,42,4,50,200,2023,3,6,0,0,200,False,True,False,False,True,False,False,0,4,0
198,2023-03-07,CUST198,54,3,300,900,2023,3,7,1,0,900,False,False,False,False,False,True,False,0,33,0
199,2023-12-04,CUST199,45,3,500,1500,2023,12,4,0,0,1500,True,False,False,False,True,False,False,1,5,1
200,2023-09-01,CUST200,27,3,50,150,2023,9,1,4,0,150,True,False,False,True,False,False,False,0,21,0
201,2023-10-09,CUST201,56,1,25,25,2023,10,9,0,0,25,True,False,True,False,False,True,False,1,10,0
202,2023-03-26,CUST202,34,4,300,1200,2023,3,26,6,1,1200,False,True,False,False,True,False,False,0,15,0
203,2023-05-16,CUST203,56,2,500,1000,2023,5,16,1,0,1000,True,True,False,False,False,True,False,0,32,0
204,2023-09-28,CUST204,39,1,25,25,2023,9,28,3,0,25,True,False,False,False,True,False,False,0,8,0
205,2023-11-07,CUST205,43,1,25,25,2023,11,7,1,0,25,False,True,False,False,True,False,False,1,5,0
206,2023-08-05,CUST206,61,1,25,25,2023,8,5,5,1,25,True,True,False,False,False,False,True,0,15,0
207,2023-04-19,CUST207,42,2,25,50,2023,4,19,2,0,50,False,False,False,False,True,False,False,0,28,0
208,2023-10-04,CUST208,34,4,50,200,2023,10,4,2,0,200,False,False,True,False,True,False,False,1,2,0
209,2023-12-20,CUST209,30,4,50,200,2023,12,20,2,0,200,False,False,True,True,False,False,False,1,19,0
210,2023-04-13,CUST210,37,4,50,200,2023,4,13,3,0,200,True,False,True,False,True,False,False,0,35,0
211,2024-01-01,CUST211,42,3,500,1500,2024,1,1,0,0,1500,True,False,False,False,True,False,False,0,18,0
212,2023-06-09,CUST212,21,3,500,1500,2023,6,9,4,0,1500,True,True,False,True,False,False,False,0,25,0
213,2023-07-24,CUST213,27,3,500,1500,2023,7,24,0,0,1500,True,False,False,True,False,False,False,0,2,0
214,2023-12-10,CUST214,20,2,30,60,2023,12,10,6,1,60,True,False,False,True,False,False,False,1,18,0
215,2023-11-29,CUST215,58,3,500,1500,2023,11,29,2,0,1500,True,True,False,False,False,True,False,1,19,0
216,2023-07-11,CUST216,62,2,50,100,2023,7,11,1,0,100,True,False,True,False,False,False,True,0,31,0
217,2023-08-13,CUST217,35,4,50,200,2023,8,13,6,1,200,False,False,True,False,True,False,False,0,6,0
218,2023-09-22,CUST218,64,3,30,90,2023,9,22,4,0,90,True,False,False,False,False,False,True,0,40,0
219,2023-08-20,CUST219,53,3,30,90,2023,8,20,6,1,90,False,False,True,False,False,True,False,0,32,0
220,2023-03-03,CUST220,64,1,500,500,2023,3,3,4,0,500,True,False,False,False,False,False,True,0,39,0
221,2023-05-07,CUST221,39,2,300,600,2023,5,7,6,1,600,True,False,False,False,True,False,False,0,38,0
222,2023-04-26,CUST222,51,4,30,120,2023,4,26,2,0,120,True,True,False,False,False,True,False,0,17,0
223,2023-02-02,CUST223,64,1,25,25,2023,2,2,3,0,25,False,True,False,False,False,False,True,0,39,0
224,2023-06-23,CUST224,25,1,50,50,2023,6,23,4,0,50,False,True,False,True,False,False,False,0,0,0
225,2023-01-11,CUST225,57,4,25,100,2023,1,11,2,0,100,False,False,False,False,False,True,False,0,10,0
226,2023-10-29,CUST226,61,1,50,50,2023,10,29,6,1,50,False,True,False,False,False,False,True,1,27,0
227,2023-10-11,CUST227,36,2,50,100,2023,10,11,2,0,100,True,False,True,False,True,False,False,1,24,0
228,2023-04-28,CUST228,59,2,30,60,2023,4,28,4,0,60,False,False,True,False,False,True,False,0,22,0
229,2023-10-29,CUST229,58,3,30,90,2023,10,29,6,1,90,True,False,False,False,False,True,False,1,30,0
230,2023-04-23,CUST230,54,1,25,25,2023,4,23,6,1,25,True,False,False,False,False,True,False,0,29,0
231,2023-01-04,CUST231,23,3,50,150,2023,1,4,2,0,150,False,True,False,True,False,False,False,0,34,0
232,2023-02-06,CUST232,43,1,25,25,2023,2,6,0,0,25,False,False,False,False,True,False,False,0,6,0
233,2023-12-29,CUST233,51,2,300,600,2023,12,29,4,0,600,False,False,False,False,False,True,False,1,15,0
234,2023-11-20,CUST234,62,2,25,50,2023,11,20,0,0,50,False,False,True,False,False,False,True,1,25,0
235,2023-01-31,CUST235,23,2,500,1000,2023,1,31,1,0,1000,False,False,True,True,False,False,False,0,1,0
236,2023-04-28,CUST236,54,1,25,25,2023,4,28,4,0,25,False,True,False,False,False,True,False,0,0,0
237,2023-02-04,CUST237,50,2,500,1000,2023,2,4,5,1,1000,False,False,False,False,False,True,False,0,11,0
238,2023-01-17,CUST238,39,1,500,500,2023,1,17,1,0,500,False,False,False,False,True,False,False,0,4,0
239,2023-06-19,CUST239,38,3,500,1500,2023,6,19,0,0,1500,True,False,True,False,True,False,False,0,36,0
240,2023-02-06,CUST240,23,1,300,300,2023,2,6,0,0,300,False,False,False,True,False,False,False,0,31,0
241,2023-09-21,CUST241,23,3,25,75,2023,9,21,3,0,75,False,False,True,True,False,False,False,0,8,0
242,2023-05-02,CUST242,21,1,25,25,2023,5,2,1,0,25,True,True,False,True,False,False,False,0,40,0
243,2023-05-23,CUST243,47,3,300,900,2023,5,23,1,0,900,False,False,True,False,False,True,False,0,34,0
244,2023-12-09,CUST244,28,2,50,100,2023,12,9,5,1,100,True,False,False,True,False,False,False,1,18,0
245,2023-09-06,CUST245,47,3,30,90,2023,9,6,2,0,90,True,True,False,False,False,True,False,0,15,0
246,2023-04-20,CUST246,48,2,25,50,2023,4,20,3,0,50,False,False,True,False,False,True,False,0,2,0
247,2023-10-04,CUST247,41,2,30,60,2023,10,4,2,0,60,True,False,True,False,True,False,False,1,19,0
248,2023-03-09,CUST248,26,3,300,900,2023,3,9,3,0,900,True,True,False,True,False,False,False,0,23,0
249,2023-10-20,CUST249,20,1,50,50,2023,10,20,4,0,50,True,True,False,True,False,False,False,1,32,0
250,2023-10-23,CUST250,48,1,50,50,2023,10,23,0,0,50,True,False,True,False,False,True,False,1,23,0
251,2023-08-31,CUST251,57,4,50,200,2023,8,31,3,0,200,False,False,False,False,False,True,False,0,10,0
252,2023-05-05,CUST252,54,1,300,300,2023,5,5,4,0,300,True,False,True,False,False,True,False,0,7,0
253,2023-08-31,CUST253,53,4,500,2000,2023,8,31,3,0,2000,False,True,False,False,False,True,False,0,35,0
254,2023-07-28,CUST254,41,1,500,500,2023,7,28,4,0,500,True,False,True,False,True,False,False,0,37,0
255,2023-04-08,CUST255,48,1,30,30,2023,4,8,5,1,30,True,True,False,False,False,True,False,0,39,0
256,2023-02-18,CUST256,23,2,500,1000,2023,2,18,5,1,1000,True,True,False,True,False,False,False,0,19,0
257,2023-02-19,CUST257,19,4,500,2000,2023,2,19,6,1,2000,True,False,False,True,False,False,False,0,34,1
258,2023-12-04,CUST258,37,1,50,50,2023,12,4,0,0,50,False,True,False,False,True,False,False,1,24,0
259,2023-08-09,CUST259,45,4,50,200,2023,8,9,2,0,200,False,True,False,False,True,False,False,0,34,0
260,2023-07-01,CUST260,28,2,30,60,2023,7,1,5,1,60,True,False,False,True,False,False,False,0,24,0
261,2023-08-05,CUST261,21,2,25,50,2023,8,5,5,1,50,True,True,False,True,False,False,False,0,28,0
262,2023-07-30,CUST262,32,4,30,120,2023,7,30,6,1,120,False,False,False,False,True,False,False,0,17,0
263,2023-08-28,CUST263,23,2,30,60,2023,8,28,0,0,60,True,False,False,True,False,False,False,0,17,0
264,2023-01-28,CUST264,47,3,300,900,2023,1,28,5,1,900,True,True,False,False,False,True,False,0,1,0
265,2023-12-11,CUST265,55,3,300,900,2023,12,11,0,0,900,True,True,False,False,False,True,False,1,34,0
266,2023-12-01,CUST266,19,2,30,60,2023,12,1,4,0,60,False,False,True,True,False,False,False,1,15,0
267,2023-11-27,CUST267,32,3,30,90,2023,11,27,0,0,90,False,False,False,False,True,False,False,1,40,0
268,2023-02-20,CUST268,28,1,30,30,2023,2,20,0,0,30,False,False,True,True,False,False,False,0,35,0
269,2023-02-01,CUST269,25,4,500,2000,2023,2,1,2,0,2000,True,True,False,True,False,False,False,0,32,0
270,2023-07-26,CUST270,43,1,300,300,2023,7,26,2,0,300,True,False,True,False,True,False,False,0,3,0
271,2023-06-23,CUST271,62,4,30,120,2023,6,23,4,0,120,False,False,False,False,False,False,True,0,32,0
272,2023-02-25,CUST272,61,2,50,100,2023,2,25,5,1,100,False,False,True,False,False,False,True,0,13,0
273,2023-05-08,CUST273,22,1,50,50,2023,5,8,0,0,50,False,False,False,True,False,False,False,0,20,0
274,2023-04-09,CUST274,23,2,500,1000,2023,4,9,6,1,1000,False,True,False,True,False,False,False,0,19,0
275,2023-04-08,CUST275,43,2,500,1000,2023,4,8,5,1,1000,True,True,False,False,True,False,False,0,7,0
276,2023-10-02,CUST276,21,4,25,100,2023,10,2,0,0,100,False,False,False,True,False,False,False,1,6,0
277,2023-08-18,CUST277,36,4,25,100,2023,8,18,4,0,100,True,True,False,False,True,False,False,0,2,0
278,2023-03-13,CUST278,37,4,25,100,2023,3,13,0,0,100,False,True,False,False,True,False,False,0,16,0
279,2023-08-05,CUST279,50,1,500,500,2023,8,5,5,1,500,True,True,False,False,False,True,False,0,32,0
280,2023-04-04,CUST280,37,3,500,1500,2023,4,4,1,0,1500,False,True,False,False,True,False,False,0,11,0
281,2023-05-23,CUST281,29,4,500,2000,2023,5,23,1,0,2000,False,False,False,True,False,False,False,0,21,0
282,2023-08-25,CUST282,64,4,50,200,2023,8,25,4,0,200,False,False,True,False,False,False,True,0,21,0
283,2023-05-08,CUST283,18,1,500,500,2023,5,8,0,0,500,False,False,True,False,False,False,False,0,29,0
284,2023-02-08,CUST284,43,4,50,200,2023,2,8,2,0,200,True,True,False,False,True,False,False,0,37,0
285,2023-08-15,CUST285,31,1,25,25,2023,8,15,1,0,25,False,False,True,False,True,False,False,0,37,0
286,2023-10-09,CUST286,55,2,25,50,2023,10,9,0,0,50,True,False,True,False,False,True,False,1,7,0
287,2023-02-20,CUST287,54,4,25,100,2023,2,20,0,0,100,True,True,False,False,False,True,False,0,26,0
288,2023-01-26,CUST288,28,4,30,120,2023,1,26,3,0,120,True,True,False,True,False,False,False,0,26,0
289,2023-11-30,CUST289,53,2,30,60,2023,11,30,3,0,60,True,False,True,False,False,True,False,1,33,0
290,2023-10-04,CUST290,30,2,300,600,2023,10,4,2,0,600,False,False,False,True,False,False,False,1,20,0
291,2023-01-08,CUST291,60,2,300,600,2023,1,8,6,1,600,True,True,False,False,False,True,False,0,29,0
292,2023-02-17,CUST292,20,4,300,1200,2023,2,17,4,0,1200,True,False,False,True,False,False,False,0,32,0
293,2023-05-02,CUST293,50,3,30,90,2023,5,2,1,0,90,True,False,True,False,False,True,False,0,27,0
294,2023-03-27,CUST294,23,3,30,90,2023,3,27,0,0,90,False,True,False,True,False,False,False,0,32,0
295,2023-07-28,CUST295,27,3,300,900,2023,7,28,4,0,900,False,False,False,True,False,False,False,0,4,0
296,2023-09-06,CUST296,22,4,300,1200,2023,9,6,2,0,1200,False,True,False,True,False,False,False,0,18,0
297,2023-09-04,CUST297,40,2,500,1000,2023,9,4,0,0,1000,False,False,True,False,True,False,False,0,3,0
298,2023-04-20,CUST298,27,4,300,1200,2023,4,20,3,0,1200,True,False,False,True,False,False,False,0,34,0
299,2023-07-25,CUST299,61,2,500,1000,2023,7,25,1,0,1000,True,False,True,False,False,False,True,0,16,0
300,2023-01-31,CUST300,19,4,50,200,2023,1,31,1,0,200,False,False,True,True,False,False,False,0,27,0
301,2023-03-26,CUST301,30,4,30,120,2023,3,26,6,1,120,True,True,False,True,False,False,False,0,29,0
302,2023-07-14,CUST302,57,2,300,600,2023,7,14,4,0,600,True,False,False,False,False,True,False,0,28,0
303,2023-01-02,CUST303,19,3,30,90,2023,1,2,0,0,90,True,False,True,True,False,False,False,0,5,0
304,2023-07-19,CUST304,37,2,30,60,2023,7,19,2,0,60,False,False,True,False,True,False,False,0,34,0
305,2023-05-16,CUST305,18,1,30,30,2023,5,16,1,0,30,False,False,False,False,False,False,False,0,40,0
306,2023-08-21,CUST306,54,1,50,50,2023,8,21,0,0,50,True,False,True,False,False,True,False,0,36,0
307,2023-05-27,CUST307,26,2,25,50,2023,5,27,5,1,50,False,False,True,True,False,False,False,0,23,0
308,2023-08-05,CUST308,34,4,300,1200,2023,8,5,5,1,1200,False,False,False,False,True,False,False,0,28,0
309,2023-12-23,CUST309,26,1,25,25,2023,12,23,5,1,25,False,False,False,True,False,False,False,1,30,0
310,2023-10-12,CUST310,28,1,25,25,2023,10,12,3,0,25,False,False,False,True,False,False,False,1,34,0
311,2023-12-05,CUST311,32,4,25,100,2023,12,5,1,0,100,False,False,False,False,True,False,False,1,32,0
312,2023-09-07,CUST312,41,4,30,120,2023,9,7,3,0,120,True,True,False,False,True,False,False,0,20,0
313,2023-03-21,CUST313,55,3,500,1500,2023,3,21,1,0,1500,False,False,False,False,False,True,False,0,31,0
314,2023-04-08,CUST314,52,4,30,120,2023,4,8,5,1,120,True,True,False,False,False,True,False,0,22,0
315,2023-06-01,CUST315,47,2,30,60,2023,6,1,3,0,60,True,True,False,False,False,True,False,0,32,0
316,2023-04-22,CUST316,48,2,25,50,2023,4,22,5,1,50,False,True,False,False,False,True,False,0,2,0
317,2023-01-30,CUST317,22,3,30,90,2023,1,30,0,0,90,True,False,True,True,False,False,False,0,17,0
318,2023-10-24,CUST318,61,1,25,25,2023,10,24,1,0,25,True,True,False,False,False,False,True,1,24,0
319,2023-10-05,CUST319,31,1,500,500,2023,10,5,3,0,500,True,True,False,False,True,False,False,1,30,0
320,2023-02-01,CUST320,28,4,300,1200,2023,2,1,2,0,1200,False,False,True,True,False,False,False,0,2,0
321,2023-06-10,CUST321,26,2,25,50,2023,6,10,5,1,50,False,False,True,True,False,False,False,0,39,0
322,2023-01-30,CUST322,51,1,500,500,2023,1,30,0,0,500,True,False,True,False,False,True,False,0,23,0
323,2023-01-26,CUST323,29,3,300,900,2023,1,26,3,0,900,False,False,False,True,False,False,False,0,31,0
324,2023-10-27,CUST324,52,3,50,150,2023,10,27,4,0,150,False,False,True,False,False,True,False,1,21,0
325,2023-09-02,CUST325,52,2,25,50,2023,9,2,5,1,50,False,False,True,False,False,True,False,0,22,0
326,2023-09-15,CUST326,18,3,25,75,2023,9,15,4,0,75,False,True,False,False,False,False,False,0,1,0
327,2023-09-29,CUST327,57,3,50,150,2023,9,29,4,0,150,True,False,True,False,False,True,False,0,26,0
328,2023-03-22,CUST328,39,2,50,100,2023,3,22,2,0,100,True,False,False,False,True,False,False,0,1,0
329,2023-01-30,CUST329,46,4,25,100,2023,1,30,0,0,100,False,False,True,False,False,True,False,0,25,0
330,2023-09-18,CUST330,25,4,50,200,2023,9,18,0,0,200,False,False,False,True,False,False,False,0,16,0
331,2023-02-11,CUST331,28,3,30,90,2023,2,11,5,1,90,True,False,True,True,False,False,False,0,39,0
332,2023-04-06,CUST332,58,4,300,1200,2023,4,6,3,0,1200,True,False,True,False,False,True,False,0,32,0
333,2023-02-05,CUST333,54,4,300,1200,2023,2,5,6,1,1200,False,False,True,False,False,True,False,0,8,0
334,2023-11-01,CUST334,31,3,300,900,2023,11,1,2,0,900,True,False,True,False,True,False,False,1,38,0
335,2023-02-04,CUST335,47,4,30,120,2023,2,4,5,1,120,False,False,False,False,False,True,False,0,28,0
336,2023-12-12,CUST336,52,3,50,150,2023,12,12,1,0,150,False,False,False,False,False,True,False,1,25,0
337,2023-05-01,CUST337,38,1,500,500,2023,5,1,0,0,500,True,True,False,False,True,False,False,0,34,0
338,2023-07-26,CUST338,54,2,50,100,2023,7,26,2,0,100,True,False,False,False,False,True,False,0,24,0
339,2023-03-03,CUST339,22,2,25,50,2023,3,3,4,0,50,False,False,True,True,False,False,False,0,23,0
340,2023-10-19,CUST340,36,4,300,1200,2023,10,19,3,0,1200,False,True,False,False,True,False,False,1,12,0
341,2023-05-07,CUST341,31,4,50,200,2023,5,7,6,1,200,True,True,False,False,True,False,False,0,6,0
342,2023-10-24,CUST342,43,4,500,2000,2023,10,24,1,0,2000,False,True,False,False,True,False,False,1,35,1
343,2023-11-01,CUST343,21,2,25,50,2023,11,1,2,0,50,True,False,True,True,False,False,False,1,19,0
344,2023-01-21,CUST344,42,1,30,30,2023,1,21,5,1,30,False,False,False,False,True,False,False,0,0,0
345,2023-11-14,CUST345,62,1,30,30,2023,11,14,1,0,30,True,False,True,False,False,False,True,1,7,0
346,2023-02-11,CUST346,59,2,500,1000,2023,2,11,5,1,1000,True,True,False,False,False,True,False,0,15,0
347,2023-08-03,CUST347,42,1,25,25,2023,8,3,3,0,25,True,False,True,False,True,False,False,0,13,0
348,2023-12-03,CUST348,35,2,300,600,2023,12,3,6,1,600,False,False,True,False,True,False,False,1,11,0
349,2023-10-26,CUST349,57,1,50,50,2023,10,26,3,0,50,False,False,False,False,False,True,False,1,22,0
350,2023-10-17,CUST350,25,3,25,75,2023,10,17,1,0,75,True,False,False,True,False,False,False,1,14,0
351,2023-09-25,CUST351,56,3,30,90,2023,9,25,0,0,90,False,True,False,False,False,True,False,0,27,0
352,2023-06-11,CUST352,57,2,500,1000,2023,6,11,6,1,1000,True,False,True,False,False,True,False,0,33,0
353,2023-05-14,CUST353,31,1,500,500,2023,5,14,6,1,500,True,False,True,False,True,False,False,0,1,0
354,2023-04-15,CUST354,49,4,50,200,2023,4,15,5,1,200,False,False,False,False,False,True,False,0,31,0
355,2023-12-09,CUST355,55,1,500,500,2023,12,9,5,1,500,False,False,True,False,False,True,False,1,22,0
356,2023-06-10,CUST356,50,3,500,1500,2023,6,10,5,1,1500,True,False,True,False,False,True,False,0,21,0
357,2023-05-03,CUST357,40,3,25,75,2023,5,3,2,0,75,False,False,True,False,True,False,False,0,24,0
358,2023-05-16,CUST358,32,1,300,300,2023,5,16,1,0,300,False,False,False,False,True,False,False,0,21,0
359,2023-07-22,CUST359,50,1,50,50,2023,7,22,5,1,50,True,True,False,False,False,True,False,0,21,0
360,2023-03-09,CUST360,42,4,25,100,2023,3,9,3,0,100,True,True,False,False,True,False,False,0,5,0
361,2023-12-10,CUST361,34,4,300,1200,2023,12,10,6,1,1200,False,False,True,False,True,False,False,1,14,0
362,2023-11-27,CUST362,50,1,25,25,2023,11,27,0,0,25,True,True,False,False,False,True,False,1,36,0
363,2023-06-03,CUST363,64,1,25,25,2023,6,3,5,1,25,True,False,False,False,False,False,True,0,32,0
364,2023-08-23,CUST364,19,1,500,500,2023,8,23,2,0,500,False,False,False,True,False,False,False,0,7,0
365,2023-06-11,CUST365,31,1,300,300,2023,6,11,6,1,300,True,True,False,False,True,False,False,0,4,0
366,2023-02-07,CUST366,57,2,50,100,2023,2,7,1,0,100,True,True,False,False,False,True,False,0,38,0
367,2023-01-05,CUST367,57,1,50,50,2023,1,5,3,0,50,False,False,True,False,False,True,False,0,3,0
368,2023-08-23,CUST368,56,4,300,1200,2023,8,23,2,0,1200,False,True,False,False,False,True,False,0,5,0
369,2023-11-15,CUST369,23,3,500,1500,2023,11,15,2,0,1500,True,False,True,True,False,False,False,1,31,0
370,2023-10-16,CUST370,23,2,30,60,2023,10,16,0,0,60,True,False,True,True,False,False,False,1,29,0
371,2023-02-21,CUST371,20,1,25,25,2023,2,21,1,0,25,False,False,False,True,False,False,False,0,34,0
372,2023-02-07,CUST372,24,3,500,1500,2023,2,7,1,0,1500,False,False,False,True,False,False,False,0,39,0
373,2023-10-03,CUST373,25,2,300,600,2023,10,3,1,0,600,False,False,False,True,False,False,False,1,15,0
374,2023-04-20,CUST374,59,3,25,75,2023,4,20,3,0,75,False,False,False,False,False,True,False,0,12,0
375,2023-09-17,CUST375,32,1,50,50,2023,9,17,6,1,50,True,True,False,False,True,False,False,0,29,0
376,2023-05-16,CUST376,64,1,30,30,2023,5,16,1,0,30,False,False,False,False,False,False,True,0,18,0
377,2023-03-09,CUST377,46,4,50,200,2023,3,9,3,0,200,False,True,False,False,False,True,False,0,16,0
378,2023-06-28,CUST378,50,1,300,300,2023,6,28,2,0,300,True,False,False,False,False,True,False,0,18,0
379,2023-02-05,CUST379,47,1,25,25,2023,2,5,6,1,25,False,True,False,False,False,True,False,0,27,0
380,2023-05-06,CUST380,56,2,300,600,2023,5,6,5,1,600,True,False,True,False,False,True,False,0,25,0
381,2023-07-09,CUST381,44,4,25,100,2023,7,9,6,1,100,False,True,False,False,True,False,False,0,36,0
382,2023-05-26,CUST382,53,2,500,1000,2023,5,26,4,0,1000,False,True,False,False,False,True,False,0,25,0
383,2023-03-22,CUST383,46,3,30,90,2023,3,22,2,0,90,False,False,False,False,False,True,False,0,22,0
384,2023-08-13,CUST384,55,1,500,500,2023,8,13,6,1,500,True,True,False,False,False,True,False,0,8,0
385,2023-10-06,CUST385,50,3,500,1500,2023,10,6,4,0,1500,True,False,True,False,False,True,False,1,11,0
386,2023-12-27,CUST386,54,2,300,600,2023,12,27,2,0,600,False,False,True,False,False,True,False,1,0,0
387,2023-06-04,CUST387,44,1,30,30,2023,6,4,6,1,30,True,False,False,False,True,False,False,0,0,0
388,2023-11-10,CUST388,50,1,25,25,2023,11,10,4,0,25,True,False,True,False,False,True,False,1,33,0
389,2023-12-01,CUST389,21,2,25,50,2023,12,1,4,0,50,True,True,False,True,False,False,False,1,31,0
390,2023-09-28,CUST390,39,2,50,100,2023,9,28,3,0,100,True,False,True,False,True,False,False,0,24,0
391,2023-01-05,CUST391,19,2,25,50,2023,1,5,3,0,50,True,False,False,True,False,False,False,0,39,0
392,2023-12-08,CUST392,27,2,300,600,2023,12,8,4,0,600,True,True,False,True,False,False,False,1,0,0
393,2023-10-11,CUST393,22,2,500,1000,2023,10,11,2,0,1000,False,False,False,True,False,False,False,1,15,0
394,2023-06-03,CUST394,27,1,500,500,2023,6,3,5,1,500,False,True,False,True,False,False,False,0,38,0
395,2023-12-06,CUST395,50,2,500,1000,2023,12,6,2,0,1000,True,False,True,False,False,True,False,1,4,0
396,2023-02-23,CUST396,55,1,30,30,2023,2,23,3,0,30,False,False,False,False,False,True,False,0,21,0
397,2023-03-10,CUST397,30,1,25,25,2023,3,10,4,0,25,False,False,False,True,False,False,False,0,28,0
398,2023-05-16,CUST398,48,2,300,600,2023,5,16,1,0,600,False,True,False,False,False,True,False,0,2,0
399,2023-03-01,CUST399,64,2,30,60,2023,3,1,2,0,60,False,False,False,False,False,False,True,0,11,0
400,2023-02-24,CUST400,53,4,50,200,2023,2,24,4,0,200,True,True,False,False,False,True,False,0,25,0
401,2023-10-11,CUST401,62,1,300,300,2023,10,11,2,0,300,False,True,False,False,False,False,True,1,15,0
402,2023-03-21,CUST402,41,2,300,600,2023,3,21,1,0,600,False,True,False,False,True,False,False,0,36,0
403,2023-05-20,CUST403,32,2,300,600,2023,5,20,5,1,600,True,True,False,False,True,False,False,0,21,0
404,2023-05-25,CUST404,46,2,500,1000,2023,5,25,3,0,1000,True,False,True,False,False,True,False,0,28,0
405,2023-11-06,CUST405,25,4,300,1200,2023,11,6,0,0,1200,False,True,False,True,False,False,False,1,13,0
406,2023-04-18,CUST406,22,4,25,100,2023,4,18,1,0,100,False,False,False,True,False,False,False,0,27,0
407,2023-06-25,CUST407,46,3,300,900,2023,6,25,6,1,900,False,False,True,False,False,True,False,0,4,0
408,2023-04-15,CUST408,64,1,500,500,2023,4,15,5,1,500,False,False,False,False,False,False,True,0,29,0
409,2023-12-18,CUST409,21,3,300,900,2023,12,18,0,0,900,False,False,True,True,False,False,False,1,4,0
410,2023-11-21,CUST410,29,2,50,100,2023,11,21,1,0,100,False,True,False,True,False,False,False,1,11,0
411,2023-05-16,CUST411,62,4,50,200,2023,5,16,1,0,200,True,False,True,False,False,False,True,0,15,0
412,2023-09-16,CUST412,19,4,500,2000,2023,9,16,5,1,2000,False,False,True,True,False,False,False,0,25,0
413,2023-09-08,CUST413,44,3,25,75,2023,9,8,4,0,75,False,False,False,False,True,False,False,0,25,0
414,2023-05-09,CUST414,48,4,25,100,2023,5,9,1,0,100,True,False,False,False,False,True,False,0,20,0
415,2023-01-27,CUST415,53,2,30,60,2023,1,27,4,0,60,True,True,False,False,False,True,False,0,38,0
416,2023-02-17,CUST416,53,4,500,2000,2023,2,17,4,0,2000,True,False,True,False,False,True,False,0,35,0
417,2023-11-21,CUST417,43,3,300,900,2023,11,21,1,0,900,True,False,True,False,True,False,False,1,32,0
418,2023-08-05,CUST418,60,2,500,1000,2023,8,5,5,1,1000,False,False,True,False,False,True,False,0,29,0
419,2023-05-22,CUST419,44,3,30,90,2023,5,22,0,0,90,False,True,False,False,True,False,False,0,36,0
420,2023-01-23,CUST420,22,4,500,2000,2023,1,23,0,0,2000,False,True,False,True,False,False,False,0,22,1
421,2023-01-02,CUST421,37,3,500,1500,2023,1,2,0,0,1500,False,True,False,False,True,False,False,0,9,0
422,2023-06-20,CUST422,28,3,30,90,2023,6,20,1,0,90,False,True,False,True,False,False,False,0,4,0
423,2023-03-08,CUST423,27,1,25,25,2023,3,8,2,0,25,False,True,False,True,False,False,False,0,35,0
424,2023-11-23,CUST424,57,4,300,1200,2023,11,23,3,0,1200,True,False,False,False,False,True,False,1,33,0
425,2023-05-15,CUST425,55,4,30,120,2023,5,15,0,0,120,False,False,True,False,False,True,False,0,30,0
426,2023-03-24,CUST426,23,3,50,150,2023,3,24,4,0,150,True,False,True,True,False,False,False,0,9,0
427,2023-08-15,CUST427,25,1,25,25,2023,8,15,1,0,25,True,False,True,True,False,False,False,0,18,0
428,2023-10-10,CUST428,40,4,50,200,2023,10,10,1,0,200,False,False,True,False,True,False,False,1,31,0
429,2023-12-28,CUST429,64,2,25,50,2023,12,28,3,0,50,True,False,True,False,False,False,True,1,0,0
430,2023-08-07,CUST430,43,3,300,900,2023,8,7,0,0,900,False,False,True,False,True,False,False,0,4,0
431,2023-10-15,CUST431,63,4,300,1200,2023,10,15,6,1,1200,True,False,True,False,False,False,True,1,3,1
432,2023-01-05,CUST432,60,2,500,1000,2023,1,5,3,0,1000,False,False,True,False,False,True,False,0,15,0
433,2023-02-27,CUST433,29,4,50,200,2023,2,27,0,0,200,True,False,False,True,False,False,False,0,23,0
434,2023-02-08,CUST434,43,2,25,50,2023,2,8,2,0,50,False,False,True,False,True,False,False,0,15,0
435,2023-12-20,CUST435,30,3,300,900,2023,12,20,2,0,900,False,False,False,True,False,False,False,1,1,0
436,2023-03-18,CUST436,57,4,30,120,2023,3,18,5,1,120,False,True,False,False,False,True,False,0,27,0
437,2023-10-07,CUST437,35,4,300,1200,2023,10,7,5,1,1200,False,False,True,False,True,False,False,1,31,0
438,2023-01-19,CUST438,42,1,30,30,2023,1,19,3,0,30,False,True,False,False,True,False,False,0,26,0
439,2023-07-09,CUST439,50,3,25,75,2023,7,9,6,1,75,True,True,False,False,False,True,False,0,19,0
440,2023-10-26,CUST440,64,2,300,600,2023,10,26,3,0,600,True,True,False,False,False,False,True,1,23,0
441,2023-10-10,CUST441,57,4,300,1200,2023,10,10,1,0,1200,True,False,False,False,False,True,False,1,11,0
442,2023-03-17,CUST442,60,4,25,100,2023,3,17,4,0,100,False,True,False,False,False,True,False,0,34,0
443,2023-08-09,CUST443,29,2,300,600,2023,8,9,2,0,600,True,True,False,True,False,False,False,0,32,0
444,2023-03-07,CUST444,61,3,30,90,2023,3,7,1,0,90,False,True,False,False,False,False,True,0,32,0
445,2023-01-22,CUST445,53,1,300,300,2023,1,22,6,1,300,False,False,True,False,False,True,False,0,36,0
446,2023-06-07,CUST446,21,1,50,50,2023,6,7,2,0,50,True,False,True,True,False,False,False,0,11,0
447,2023-07-06,CUST447,22,4,500,2000,2023,7,6,3,0,2000,True,False,False,True,False,False,False,0,2,0
448,2023-01-21,CUST448,54,2,30,60,2023,1,21,5,1,60,False,False,False,False,False,True,False,0,0,0
449,2023-07-03,CUST449,25,4,50,200,2023,7,3,0,0,200,True,False,True,True,False,False,False,0,32,0
450,2023-04-18,CUST450,59,2,25,50,2023,4,18,1,0,50,False,False,False,False,False,True,False,0,39,0
451,2023-12-16,CUST451,45,1,30,30,2023,12,16,5,1,30,False,False,True,False,True,False,False,1,9,0
452,2023-05-08,CUST452,48,3,500,1500,2023,5,8,0,0,1500,False,True,False,False,False,True,False,0,28,0
453,2023-12-08,CUST453,26,2,500,1000,2023,12,8,4,0,1000,False,True,False,True,False,False,False,1,12,0
454,2023-02-22,CUST454,46,1,25,25,2023,2,22,2,0,25,False,False,False,False,False,True,False,0,11,0
455,2023-07-01,CUST455,31,4,25,100,2023,7,1,5,1,100,True,False,True,False,True,False,False,0,30,0
456,2023-10-14,CUST456,57,2,30,60,2023,10,14,5,1,60,True,False,True,False,False,True,False,1,1,0
457,2023-07-28,CUST457,58,3,300,900,2023,7,28,4,0,900,False,False,False,False,False,True,False,0,34,0
458,2023-11-14,CUST458,39,4,25,100,2023,11,14,1,0,100,False,False,True,False,True,False,False,1,22,0
459,2023-03-21,CUST459,28,4,300,1200,2023,3,21,1,0,1200,True,True,False,True,False,False,False,0,16,0
460,2023-05-02,CUST460,40,1,50,50,2023,5,2,1,0,50,True,False,False,False,True,False,False,0,25,0
461,2023-03-25,CUST461,18,2,500,1000,2023,3,25,5,1,1000,False,False,False,False,False,False,False,0,7,0
462,2023-04-01,CUST462,63,4,300,1200,2023,4,1,5,1,1200,True,False,True,False,False,False,True,0,28,0
463,2023-07-31,CUST463,54,3,500,1500,2023,7,31,0,0,1500,False,False,False,False,False,True,False,0,25,0
464,2023-01-13,CUST464,38,2,300,600,2023,1,13,4,0,600,True,False,True,False,True,False,False,0,9,0
465,2023-04-02,CUST465,43,3,50,150,2023,4,2,6,1,150,False,False,True,False,True,False,False,0,25,0
466,2023-06-20,CUST466,63,4,25,100,2023,6,20,1,0,100,True,False,True,False,False,False,True,0,33,0
467,2023-07-30,CUST467,53,3,50,150,2023,7,30,6,1,150,False,False,True,False,False,True,False,0,40,0
468,2023-12-09,CUST468,40,1,25,25,2023,12,9,5,1,25,True,False,True,False,True,False,False,1,6,0
469,2023-05-08,CUST469,18,3,25,75,2023,5,8,0,0,75,True,False,False,False,False,False,False,0,3,0
470,2023-05-17,CUST470,57,2,500,1000,2023,5,17,2,0,1000,False,True,False,False,False,True,False,0,10,0
471,2023-03-23,CUST471,32,3,50,150,2023,3,23,3,0,150,True,True,False,False,True,False,False,0,28,0
472,2023-12-26,CUST472,38,3,300,900,2023,12,26,1,0,900,False,False,False,False,True,False,False,1,35,0
473,2023-02-25,CUST473,64,1,50,50,2023,2,25,5,1,50,True,False,False,False,False,False,True,0,24,0
474,2023-07-15,CUST474,26,3,500,1500,2023,7,15,5,1,1500,False,True,False,True,False,False,False,0,20,0
475,2023-01-20,CUST475,26,3,25,75,2023,1,20,4,0,75,True,True,False,True,False,False,False,0,35,0
476,2023-08-29,CUST476,27,4,500,2000,2023,8,29,1,0,2000,False,True,False,True,False,False,False,0,9,0
477,2023-04-24,CUST477,43,4,30,120,2023,4,24,0,0,120,True,True,False,False,True,False,False,0,36,0
478,2023-04-13,CUST478,58,2,30,60,2023,4,13,3,0,60,False,True,False,False,False,True,False,0,8,0
479,2023-08-24,CUST479,52,4,300,1200,2023,8,24,3,0,1200,True,False,True,False,False,True,False,0,23,0
480,2023-06-29,CUST480,42,4,500,2000,2023,6,29,3,0,2000,False,False,False,False,True,False,False,0,34,0
481,2023-06-06,CUST481,43,4,300,1200,2023,6,6,1,0,1200,False,False,True,False,True,False,False,0,34,0
482,2023-04-27,CUST482,28,4,300,1200,2023,4,27,3,0,1200,False,True,False,True,False,False,False,0,35,0
483,2023-04-25,CUST483,55,1,30,30,2023,4,25,1,0,30,True,True,False,False,False,True,False,0,17,0
484,2023-01-13,CUST484,19,4,300,1200,2023,1,13,4,0,1200,False,True,False,True,False,False,False,0,38,0
485,2023-12-04,CUST485,24,1,30,30,2023,12,4,0,0,30,True,False,True,True,False,False,False,1,31,0
486,2023-04-09,CUST486,35,1,25,25,2023,4,9,6,1,25,False,False,True,False,True,False,False,0,23,0
487,2023-07-24,CUST487,44,4,500,2000,2023,7,24,0,0,2000,True,True,False,False,True,False,False,0,22,0
488,2023-06-18,CUST488,51,3,300,900,2023,6,18,6,1,900,False,False,True,False,False,True,False,0,31,0
489,2023-05-23,CUST489,44,1,30,30,2023,5,23,1,0,30,True,False,True,False,True,False,False,0,36,0
490,2023-02-05,CUST490,34,3,50,150,2023,2,5,6,1,150,True,True,False,False,True,False,False,0,11,0
491,2023-05-23,CUST491,60,3,300,900,2023,5,23,1,0,900,False,False,True,False,False,True,False,0,12,0
492,2023-06-29,CUST492,61,4,25,100,2023,6,29,3,0,100,True,False,False,False,False,False,True,0,22,0
493,2023-11-25,CUST493,41,2,25,50,2023,11,25,5,1,50,True,False,False,False,True,False,False,1,24,0
494,2023-09-18,CUST494,42,4,50,200,2023,9,18,0,0,200,False,False,False,False,True,False,False,0,34,0
495,2023-07-24,CUST495,24,2,30,60,2023,7,24,0,0,60,True,False,False,True,False,False,False,0,40,0
496,2023-12-14,CUST496,23,2,300,600,2023,12,14,3,0,600,True,True,False,True,False,False,False,1,29,0
497,2023-10-02,CUST497,41,4,30,120,2023,10,2,0,0,120,True,True,False,False,True,False,False,1,16,0
498,2023-06-19,CUST498,50,4,25,100,2023,6,19,0,0,100,False,True,False,False,False,True,False,0,19,0
499,2023-01-15,CUST499,46,2,30,60,2023,1,15,6,1,60,True,False,False,False,False,True,False,0,24,0
500,2023-03-01,CUST500,60,4,25,100,2023,3,1,2,0,100,False,False,False,False,False,True,False,0,21,0
501,2023-05-14,CUST501,39,2,30,60,2023,5,14,6,1,60,True,False,True,False,True,False,False,0,12,0
502,2023-04-02,CUST502,43,3,50,150,2023,4,2,6,1,150,True,False,True,False,True,False,False,0,18,0
503,2023-10-25,CUST503,45,4,500,2000,2023,10,25,2,0,2000,True,False,False,False,True,False,False,1,35,1
504,2023-05-16,CUST504,38,3,50,150,2023,5,16,1,0,150,False,False,False,False,True,False,False,0,11,0
505,2023-01-20,CUST505,24,1,50,50,2023,1,20,4,0,50,True,False,False,True,False,False,False,0,40,0
506,2023-02-25,CUST506,34,3,500,1500,2023,2,25,5,1,1500,True,False,False,False,True,False,False,0,18,0
507,2023-11-02,CUST507,37,3,500,1500,2023,11,2,3,0,1500,False,False,True,False,True,False,False,1,11,0
508,2023-08-11,CUST508,58,2,300,600,2023,8,11,4,0,600,True,False,False,False,False,True,False,0,8,0
509,2023-06-26,CUST509,37,3,300,900,2023,6,26,0,0,900,False,False,True,False,True,False,False,0,6,0
510,2023-06-10,CUST510,39,4,50,200,2023,6,10,5,1,200,False,False,False,False,True,False,False,0,27,0
511,2023-08-12,CUST511,45,2,50,100,2023,8,12,5,1,100,True,False,False,False,True,False,False,0,13,0
512,2023-11-07,CUST512,57,1,25,25,2023,11,7,1,0,25,False,False,False,False,False,True,False,1,30,0
513,2023-09-19,CUST513,24,4,25,100,2023,9,19,1,0,100,True,False,True,True,False,False,False,0,18,0
514,2023-03-01,CUST514,18,1,300,300,2023,3,1,2,0,300,False,False,True,False,False,False,False,0,15,0
515,2023-07-17,CUST515,49,3,300,900,2023,7,17,0,0,900,False,True,False,False,False,True,False,0,4,0
516,2023-10-23,CUST516,30,4,25,100,2023,10,23,0,0,100,True,False,False,True,False,False,False,1,34,0
517,2023-04-08,CUST517,47,4,25,100,2023,4,8,5,1,100,False,True,False,False,False,True,False,0,11,0
518,2023-05-11,CUST518,40,1,30,30,2023,5,11,3,0,30,False,True,False,False,True,False,False,0,24,0
519,2023-01-23,CUST519,36,4,30,120,2023,1,23,0,0,120,False,False,True,False,True,False,False,0,20,0
520,2023-12-29,CUST520,49,4,25,100,2023,12,29,4,0,100,False,False,True,False,False,True,False,1,35,0
521,2023-08-12,CUST521,47,4,30,120,2023,8,12,5,1,120,False,True,False,False,False,True,False,0,22,0
522,2023-01-01,CUST522,46,3,500,1500,2023,1,1,6,1,1500,True,False,False,False,False,True,False,0,15,0
523,2023-09-24,CUST523,62,1,300,300,2023,9,24,6,1,300,False,False,True,False,False,False,True,0,38,0
524,2023-10-03,CUST524,46,4,300,1200,2023,10,3,1,0,1200,True,False,False,False,False,True,False,1,38,0
525,2023-12-18,CUST525,47,2,25,50,2023,12,18,0,0,50,False,False,False,False,False,True,False,1,13,0
526,2023-12-10,CUST526,33,2,50,100,2023,12,10,6,1,100,True,True,False,False,True,False,False,1,30,0
527,2023-04-11,CUST527,57,2,25,50,2023,4,11,1,0,50,True,True,False,False,False,True,False,0,4,0
528,2023-07-06,CUST528,36,2,30,60,2023,7,6,3,0,60,False,True,False,False,True,False,False,0,34,0
529,2023-08-09,CUST529,35,3,50,150,2023,8,9,2,0,150,False,True,False,False,True,False,False,0,22,0
530,2023-02-05,CUST530,18,4,30,120,2023,2,5,6,1,120,False,False,True,False,False,False,False,0,28,0
531,2023-12-07,CUST531,31,1,500,500,2023,12,7,3,0,500,True,False,True,False,True,False,False,1,10,0
532,2023-06-19,CUST532,64,4,30,120,2023,6,19,0,0,120,False,True,False,False,False,False,True,0,17,0
533,2023-11-16,CUST533,19,3,500,1500,2023,11,16,3,0,1500,True,False,True,True,False,False,False,1,11,0
534,2023-06-10,CUST534,45,2,500,1000,2023,6,10,5,1,1000,True,True,False,False,True,False,False,0,8,0
535,2023-12-06,CUST535,47,3,30,90,2023,12,6,2,0,90,True,False,False,False,False,True,False,1,9,0
536,2023-03-05,CUST536,55,4,30,120,2023,3,5,6,1,120,False,False,False,False,False,True,False,0,16,0
537,2023-06-03,CUST537,21,1,500,500,2023,6,3,5,1,500,False,False,False,True,False,False,False,0,37,0
538,2023-09-17,CUST538,18,3,50,150,2023,9,17,6,1,150,True,True,False,False,False,False,False,0,6,0
539,2023-06-08,CUST539,25,1,500,500,2023,6,8,3,0,500,True,False,False,True,False,False,False,0,12,0
540,2023-12-08,CUST540,46,3,300,900,2023,12,8,4,0,900,False,False,True,False,False,True,False,1,39,0
541,2023-07-29,CUST541,56,1,500,500,2023,7,29,5,1,500,True,False,False,False,False,True,False,0,8,0
542,2023-06-17,CUST542,20,1,50,50,2023,6,17,5,1,50,False,False,False,True,False,False,False,0,26,0
543,2023-07-26,CUST543,49,2,300,600,2023,7,26,2,0,600,True,False,False,False,False,True,False,0,1,0
544,2023-12-23,CUST544,27,1,25,25,2023,12,23,5,1,25,False,False,True,True,False,False,False,1,4,0
545,2023-06-01,CUST545,27,2,25,50,2023,6,1,3,0,50,True,True,False,True,False,False,False,0,28,0
546,2023-10-11,CUST546,36,4,50,200,2023,10,11,2,0,200,False,False,True,False,True,False,False,1,36,0
547,2023-03-07,CUST547,63,4,500,2000,2023,3,7,1,0,2000,True,True,False,False,False,False,True,0,37,1
548,2023-04-09,CUST548,51,2,30,60,2023,4,9,6,1,60,False,True,False,False,False,True,False,0,18,0
549,2023-08-04,CUST549,50,2,50,100,2023,8,4,4,0,100,False,False,False,False,False,True,False,0,7,0
550,2023-12-07,CUST550,40,3,300,900,2023,12,7,3,0,900,True,True,False,False,True,False,False,1,0,0
551,2023-07-14,CUST551,45,3,300,900,2023,7,14,4,0,900,True,False,True,False,True,False,False,0,21,0
552,2023-12-13,CUST552,49,3,25,75,2023,12,13,2,0,75,False,False,True,False,False,True,False,1,16,0
553,2023-03-31,CUST553,24,4,300,1200,2023,3,31,4,0,1200,True,True,False,True,False,False,False,0,6,0
554,2023-11-12,CUST554,46,3,50,150,2023,11,12,6,1,150,False,False,False,False,False,True,False,1,24,0
555,2023-10-19,CUST555,25,1,300,300,2023,10,19,3,0,300,True,False,False,True,False,False,False,1,3,0
556,2023-06-04,CUST556,18,1,50,50,2023,6,4,6,1,50,False,False,True,False,False,False,False,0,35,0
557,2023-07-27,CUST557,20,3,30,90,2023,7,27,3,0,90,False,False,False,True,False,False,False,0,5,0
558,2023-10-08,CUST558,41,1,25,25,2023,10,8,6,1,25,False,True,False,False,True,False,False,1,30,0
559,2023-01-01,CUST559,40,4,300,1200,2023,1,1,6,1,1200,False,True,False,False,True,False,False,0,18,0
560,2023-06-05,CUST560,25,1,50,50,2023,6,5,0,0,50,False,False,True,True,False,False,False,0,38,0
561,2023-05-27,CUST561,64,4,500,2000,2023,5,27,5,1,2000,False,True,False,False,False,False,True,0,26,0
562,2023-04-18,CUST562,54,2,25,50,2023,4,18,1,0,50,True,False,True,False,False,True,False,0,9,0
563,2023-08-09,CUST563,20,2,30,60,2023,8,9,2,0,60,True,True,False,True,False,False,False,0,25,0
564,2023-10-24,CUST564,50,2,50,100,2023,10,24,1,0,100,True,False,True,False,False,True,False,1,18,0
565,2023-11-07,CUST565,45,2,30,60,2023,11,7,1,0,60,False,False,False,False,True,False,False,1,38,0
566,2023-12-02,CUST566,64,1,30,30,2023,12,2,5,1,30,False,True,False,False,False,False,True,1,2,0
567,2023-06-14,CUST567,25,3,300,900,2023,6,14,2,0,900,False,True,False,True,False,False,False,0,12,0
568,2023-08-27,CUST568,51,1,300,300,2023,8,27,6,1,300,False,False,True,False,False,True,False,0,27,0
569,2023-08-15,CUST569,52,4,50,200,2023,8,15,1,0,200,True,False,True,False,False,True,False,0,19,0
570,2023-08-15,CUST570,49,1,500,500,2023,8,15,1,0,500,True,True,False,False,False,True,False,0,27,0
571,2023-12-12,CUST571,41,1,50,50,2023,12,12,1,0,50,False,False,True,False,True,False,False,1,7,0
572,2023-04-20,CUST572,31,4,500,2000,2023,4,20,3,0,2000,True,True,False,False,True,False,False,0,40,0
573,2023-09-19,CUST573,49,2,30,60,2023,9,19,1,0,60,True,False,False,False,False,True,False,0,38,0
574,2023-08-31,CUST574,63,2,25,50,2023,8,31,3,0,50,False,False,True,False,False,False,True,0,0,0
575,2023-03-28,CUST575,60,2,50,100,2023,3,28,1,0,100,True,True,False,False,False,True,False,0,2,0
576,2023-12-04,CUST576,33,3,50,150,2023,12,4,0,0,150,False,False,False,False,True,False,False,1,12,0
577,2023-02-13,CUST577,21,4,500,2000,2023,2,13,0,0,2000,True,False,False,True,False,False,False,0,27,0
578,2023-05-26,CUST578,54,4,30,120,2023,5,26,4,0,120,False,True,False,False,False,True,False,0,24,0
579,2023-09-21,CUST579,38,1,30,30,2023,9,21,3,0,30,False,False,True,False,True,False,False,0,32,0
580,2023-12-06,CUST580,31,3,500,1500,2023,12,6,2,0,1500,False,True,False,False,True,False,False,1,37,1
581,2023-11-21,CUST581,48,2,30,60,2023,11,21,1,0,60,False,False,False,False,False,True,False,1,5,0
582,2023-11-14,CUST582,35,3,300,900,2023,11,14,1,0,900,True,True,False,False,True,False,False,1,31,0
583,2023-06-21,CUST583,24,4,25,100,2023,6,21,2,0,100,False,False,True,True,False,False,False,0,20,0
584,2023-02-17,CUST584,27,4,50,200,2023,2,17,4,0,200,False,False,False,True,False,False,False,0,15,0
585,2023-05-01,CUST585,24,1,25,25,2023,5,1,0,0,25,False,True,False,True,False,False,False,0,20,0
586,2023-12-11,CUST586,50,1,50,50,2023,12,11,0,0,50,True,False,True,False,False,True,False,1,10,0
587,2023-06-08,CUST587,40,4,300,1200,2023,6,8,3,0,1200,False,False,False,False,True,False,False,0,36,0
588,2023-04-26,CUST588,38,2,30,60,2023,4,26,2,0,60,True,False,True,False,True,False,False,0,35,0
589,2023-04-12,CUST589,36,2,500,1000,2023,4,12,2,0,1000,False,False,False,False,True,False,False,0,34,0
590,2023-03-17,CUST590,36,3,300,900,2023,3,17,4,0,900,True,True,False,False,True,False,False,0,18,0
591,2023-01-13,CUST591,53,4,25,100,2023,1,13,4,0,100,True,False,True,False,False,True,False,0,19,0
592,2023-01-24,CUST592,46,4,500,2000,2023,1,24,1,0,2000,False,False,False,False,False,True,False,0,17,0
593,2023-05-06,CUST593,35,2,30,60,2023,5,6,5,1,60,True,False,True,False,True,False,False,0,40,0
594,2023-09-01,CUST594,19,2,300,600,2023,9,1,4,0,600,False,False,True,True,False,False,False,0,13,0
595,2023-11-09,CUST595,18,4,500,2000,2023,11,9,3,0,2000,False,True,False,False,False,False,False,1,14,1
596,2023-02-07,CUST596,64,1,300,300,2023,2,7,1,0,300,False,False,True,False,False,False,True,0,30,0
597,2023-08-22,CUST597,22,4,300,1200,2023,8,22,1,0,1200,True,False,False,True,False,False,False,0,0,0
598,2023-08-01,CUST598,37,4,30,120,2023,8,1,1,0,120,True,False,False,False,True,False,False,0,2,0
599,2023-11-19,CUST599,28,2,50,100,2023,11,19,6,1,100,False,False,False,True,False,False,False,1,15,0
600,2023-10-22,CUST600,59,2,500,1000,2023,10,22,6,1,1000,False,False,False,False,False,True,False,1,22,0
601,2023-04-10,CUST601,19,1,30,30,2023,4,10,0,0,30,True,True,False,True,False,False,False,0,10,0
602,2023-12-23,CUST602,20,1,300,300,2023,12,23,5,1,300,False,False,True,True,False,False,False,1,11,0
603,2023-07-16,CUST603,40,3,30,90,2023,7,16,6,1,90,False,True,False,False,True,False,False,0,9,0
604,2023-09-11,CUST604,29,4,50,200,2023,9,11,0,0,200,False,False,True,True,False,False,False,0,31,0
605,2023-07-24,CUST605,37,2,500,1000,2023,7,24,0,0,1000,True,False,True,False,True,False,False,0,15,0
606,2023-05-05,CUST606,22,1,50,50,2023,5,5,4,0,50,True,False,True,True,False,False,False,0,7,0
607,2023-03-17,CUST607,54,3,25,75,2023,3,17,4,0,75,True,True,False,False,False,True,False,0,37,0
608,2023-12-02,CUST608,55,3,500,1500,2023,12,2,5,1,1500,False,False,True,False,False,True,False,1,11,0
609,2023-12-19,CUST609,47,2,50,100,2023,12,19,1,0,100,False,True,False,False,False,True,False,1,23,0
610,2023-01-03,CUST610,26,2,300,600,2023,1,3,1,0,600,False,False,False,True,False,False,False,0,27,0
611,2023-02-24,CUST611,51,3,500,1500,2023,2,24,4,0,1500,True,False,False,False,False,True,False,0,7,0
612,2023-08-06,CUST612,61,1,500,500,2023,8,6,6,1,500,False,False,True,False,False,False,True,0,27,0
613,2023-04-23,CUST613,52,3,30,90,2023,4,23,6,1,90,False,True,False,False,False,True,False,0,35,0
614,2023-04-01,CUST614,39,4,300,1200,2023,4,1,5,1,1200,False,False,False,False,True,False,False,0,25,0
615,2023-12-23,CUST615,61,4,25,100,2023,12,23,5,1,100,False,True,False,False,False,False,True,1,7,0
616,2023-09-23,CUST616,41,2,50,100,2023,9,23,5,1,100,True,True,False,False,True,False,False,0,27,0
617,2023-08-26,CUST617,34,1,30,30,2023,8,26,5,1,30,True,False,True,False,True,False,False,0,27,0
618,2023-01-26,CUST618,27,1,50,50,2023,1,26,3,0,50,False,False,False,True,False,False,False,0,36,0
619,2023-10-13,CUST619,47,4,25,100,2023,10,13,4,0,100,True,False,True,False,False,True,False,1,40,0
620,2023-05-08,CUST620,63,3,25,75,2023,5,8,0,0,75,True,False,True,False,False,False,True,0,35,0
621,2023-03-04,CUST621,40,2,500,1000,2023,3,4,5,1,1000,False,False,False,False,True,False,False,0,26,0
622,2023-08-22,CUST622,49,3,25,75,2023,8,22,1,0,75,False,False,False,False,False,True,False,0,16,0
623,2023-03-10,CUST623,34,3,50,150,2023,3,10,4,0,150,True,True,False,False,True,False,False,0,8,0
624,2023-08-26,CUST624,34,3,300,900,2023,8,26,5,1,900,False,False,False,False,True,False,False,0,32,0
625,2023-12-08,CUST625,31,1,300,300,2023,12,8,4,0,300,True,True,False,False,True,False,False,1,19,0
626,2023-09-29,CUST626,26,4,500,2000,2023,9,29,4,0,2000,False,True,False,True,False,False,False,0,12,0
627,2023-10-14,CUST627,57,1,50,50,2023,10,14,5,1,50,True,True,False,False,False,True,False,1,27,0
628,2023-11-01,CUST628,19,4,50,200,2023,11,1,2,0,200,False,False,False,True,False,False,False,1,28,0
629,2023-06-12,CUST629,62,2,25,50,2023,6,12,0,0,50,True,False,True,False,False,False,True,0,12,0
630,2023-08-15,CUST630,42,2,50,100,2023,8,15,1,0,100,True,True,False,False,True,False,False,0,34,0
631,2023-11-10,CUST631,56,3,30,90,2023,11,10,4,0,90,True,False,True,False,False,True,False,1,5,0
632,2023-09-16,CUST632,26,4,25,100,2023,9,16,5,1,100,False,False,True,True,False,False,False,0,17,0
633,2023-08-07,CUST633,39,4,30,120,2023,8,7,0,0,120,True,False,False,False,True,False,False,0,4,0
634,2023-10-08,CUST634,60,4,500,2000,2023,10,8,6,1,2000,True,False,True,False,False,True,False,1,24,1
635,2023-08-17,CUST635,63,3,300,900,2023,8,17,3,0,900,False,False,True,False,False,False,True,0,1,0
636,2023-03-23,CUST636,21,3,500,1500,2023,3,23,3,0,1500,False,False,False,True,False,False,False,0,9,0
637,2023-09-01,CUST637,43,2,300,600,2023,9,1,4,0,600,True,True,False,False,True,False,False,0,29,0
638,2023-08-19,CUST638,46,1,500,500,2023,8,19,5,1,500,True,False,True,False,False,True,False,0,4,0
639,2023-05-13,CUST639,62,4,50,200,2023,5,13,5,1,200,False,False,False,False,False,False,True,0,32,0
640,2023-05-07,CUST640,51,4,30,120,2023,5,7,6,1,120,False,False,True,False,False,True,False,0,0,0
641,2023-11-23,CUST641,40,1,300,300,2023,11,23,3,0,300,False,False,True,False,True,False,False,1,17,0
642,2023-05-22,CUST642,54,4,25,100,2023,5,22,0,0,100,False,True,False,False,False,True,False,0,31,0
643,2023-09-24,CUST643,28,3,30,90,2023,9,24,6,1,90,False,False,True,True,False,False,False,0,10,0
644,2023-09-06,CUST644,23,3,25,75,2023,9,6,2,0,75,True,False,False,True,False,False,False,0,20,0
645,2023-11-17,CUST645,35,4,30,120,2023,11,17,4,0,120,False,False,True,False,True,False,False,1,25,0
646,2023-05-03,CUST646,38,3,30,90,2023,5,3,2,0,90,True,True,False,False,True,False,False,0,24,0
647,2023-05-21,CUST647,59,3,500,1500,2023,5,21,6,1,1500,True,True,False,False,False,True,False,0,21,0
648,2023-08-14,CUST648,53,4,300,1200,2023,8,14,0,0,1200,True,False,False,False,False,True,False,0,26,0
649,2023-02-09,CUST649,58,2,300,600,2023,2,9,3,0,600,False,True,False,False,False,True,False,0,12,0
650,2024-01-01,CUST650,55,1,30,30,2024,1,1,0,0,30,True,False,True,False,False,True,False,0,32,0
651,2023-05-27,CUST651,51,3,50,150,2023,5,27,5,1,150,True,True,False,False,False,True,False,0,33,0
652,2023-05-01,CUST652,34,2,50,100,2023,5,1,0,0,100,False,False,False,False,True,False,False,0,40,0
653,2023-05-20,CUST653,54,3,25,75,2023,5,20,5,1,75,True,True,False,False,False,True,False,0,34,0
654,2023-06-21,CUST654,42,3,25,75,2023,6,21,2,0,75,True,True,False,False,True,False,False,0,0,0
655,2023-06-13,CUST655,55,1,500,500,2023,6,13,1,0,500,False,True,False,False,False,True,False,0,20,0
656,2023-10-04,CUST656,29,3,30,90,2023,10,4,2,0,90,True,False,False,True,False,False,False,1,5,0
657,2023-02-11,CUST657,40,1,25,25,2023,2,11,5,1,25,True,True,False,False,True,False,False,0,27,0
658,2023-03-12,CUST658,59,1,25,25,2023,3,12,6,1,25,True,True,False,False,False,True,False,0,16,0
659,2023-03-19,CUST659,39,1,30,30,2023,3,19,6,1,30,False,False,True,False,True,False,False,0,4,0
660,2023-04-29,CUST660,38,2,500,1000,2023,4,29,5,1,1000,False,False,False,False,True,False,False,0,30,0
661,2023-07-16,CUST661,44,4,25,100,2023,7,16,6,1,100,False,True,False,False,True,False,False,0,4,0
662,2023-12-22,CUST662,48,2,500,1000,2023,12,22,4,0,1000,True,False,False,False,False,True,False,1,37,0
663,2023-03-20,CUST663,23,4,300,1200,2023,3,20,0,0,1200,True,True,False,True,False,False,False,0,2,0
664,2023-12-28,CUST664,44,4,500,2000,2023,12,28,3,0,2000,False,True,False,False,True,False,False,1,22,1
665,2023-04-20,CUST665,57,1,50,50,2023,4,20,3,0,50,True,True,False,False,False,True,False,0,36,0
666,2023-02-02,CUST666,51,3,50,150,2023,2,2,3,0,150,True,False,True,False,False,True,False,0,36,0
667,2023-08-01,CUST667,29,1,500,500,2023,8,1,1,0,500,False,False,True,True,False,False,False,0,9,0
668,2023-07-28,CUST668,62,3,50,150,2023,7,28,4,0,150,False,False,True,False,False,False,True,0,9,0
669,2023-06-19,CUST669,24,4,300,1200,2023,6,19,0,0,1200,True,False,False,True,False,False,False,0,18,0
670,2023-10-05,CUST670,27,1,30,30,2023,10,5,3,0,30,True,False,False,True,False,False,False,1,16,0
671,2023-08-27,CUST671,62,3,50,150,2023,8,27,6,1,150,True,False,True,False,False,False,True,0,20,0
672,2023-08-01,CUST672,34,2,50,100,2023,8,1,1,0,100,False,False,False,False,True,False,False,0,13,0
673,2023-02-01,CUST673,43,3,500,1500,2023,2,1,2,0,1500,False,True,False,False,True,False,False,0,8,0
674,2023-04-16,CUST674,38,1,300,300,2023,4,16,6,1,300,False,True,False,False,True,False,False,0,0,0
675,2023-08-04,CUST675,45,2,30,60,2023,8,4,4,0,60,False,True,False,False,True,False,False,0,12,0
676,2023-07-19,CUST676,63,3,500,1500,2023,7,19,2,0,1500,True,False,True,False,False,False,True,0,3,0
677,2023-10-27,CUST677,19,3,500,1500,2023,10,27,4,0,1500,False,False,False,True,False,False,False,1,0,1
678,2023-12-23,CUST678,60,3,300,900,2023,12,23,5,1,900,False,False,True,False,False,True,False,1,39,0
679,2023-01-11,CUST679,18,3,30,90,2023,1,11,2,0,90,False,False,False,False,False,False,False,0,31,0
680,2023-10-22,CUST680,53,3,300,900,2023,10,22,6,1,900,False,True,False,False,False,True,False,1,33,0
681,2023-07-14,CUST681,43,2,30,60,2023,7,14,4,0,60,False,False,True,False,True,False,False,0,27,0
682,2023-09-02,CUST682,46,4,300,1200,2023,9,2,5,1,1200,True,False,False,False,False,True,False,0,30,0
683,2023-01-04,CUST683,38,2,500,1000,2023,1,4,2,0,1000,True,False,False,False,True,False,False,0,7,0
684,2023-06-30,CUST684,28,2,500,1000,2023,6,30,4,0,1000,False,True,False,True,False,False,False,0,38,0
685,2023-06-02,CUST685,57,2,25,50,2023,6,2,4,0,50,True,False,True,False,False,True,False,0,25,0
686,2023-07-19,CUST686,28,4,50,200,2023,7,19,2,0,200,False,False,True,True,False,False,False,0,33,0
687,2023-08-03,CUST687,53,1,300,300,2023,8,3,3,0,300,False,False,True,False,False,True,False,0,2,0
688,2023-10-03,CUST688,56,4,25,100,2023,10,3,1,0,100,True,True,False,False,False,True,False,1,11,0
689,2023-10-07,CUST689,57,2,50,100,2023,10,7,5,1,100,True,False,True,False,False,True,False,1,0,0
690,2023-11-05,CUST690,52,3,300,900,2023,11,5,6,1,900,False,True,False,False,False,True,False,1,4,0
691,2023-04-23,CUST691,51,3,30,90,2023,4,23,6,1,90,False,True,False,False,False,True,False,0,29,0
692,2023-09-07,CUST692,64,2,50,100,2023,9,7,3,0,100,False,True,False,False,False,False,True,0,29,0
693,2023-04-23,CUST693,41,3,500,1500,2023,4,23,6,1,1500,True,False,False,False,True,False,False,0,16,0
694,2023-05-20,CUST694,39,2,25,50,2023,5,20,5,1,50,False,False,True,False,True,False,False,0,22,0
695,2023-08-12,CUST695,22,3,50,150,2023,8,12,5,1,150,False,False,True,True,False,False,False,0,14,0
696,2023-09-06,CUST696,50,4,50,200,2023,9,6,2,0,200,False,True,False,False,False,True,False,0,36,0
697,2023-01-15,CUST697,53,1,500,500,2023,1,15,6,1,500,True,True,False,False,False,True,False,0,20,0
698,2023-07-19,CUST698,64,1,300,300,2023,7,19,2,0,300,False,False,True,False,False,False,True,0,13,0
699,2023-06-22,CUST699,37,4,30,120,2023,6,22,3,0,120,False,True,False,False,True,False,False,0,1,0
700,2023-12-09,CUST700,36,4,500,2000,2023,12,9,5,1,2000,True,False,True,False,True,False,False,1,10,1
701,2023-12-14,CUST701,52,2,30,60,2023,12,14,3,0,60,False,False,False,False,False,True,False,1,38,0
702,2023-07-27,CUST702,60,2,300,600,2023,7,27,3,0,600,False,True,False,False,False,True,False,0,37,0
703,2023-03-26,CUST703,34,2,50,100,2023,3,26,6,1,100,True,False,True,False,True,False,False,0,33,0
704,2023-08-28,CUST704,62,3,30,90,2023,8,28,0,0,90,False,True,False,False,False,False,True,0,37,0
705,2023-03-07,CUST705,60,2,25,50,2023,3,7,1,0,50,True,False,True,False,False,True,False,0,33,0
706,2023-11-15,CUST706,51,4,25,100,2023,11,15,2,0,100,True,False,True,False,False,True,False,1,17,0
707,2023-10-01,CUST707,26,1,500,500,2023,10,1,6,1,500,False,True,False,True,False,False,False,1,29,1
708,2023-01-14,CUST708,43,3,300,900,2023,1,14,5,1,900,False,False,False,False,True,False,False,0,14,0
709,2023-07-21,CUST709,19,2,500,1000,2023,7,21,4,0,1000,False,False,True,True,False,False,False,0,26,0
710,2023-10-31,CUST710,26,3,500,1500,2023,10,31,1,0,1500,False,False,True,True,False,False,False,1,33,0
711,2023-10-16,CUST711,26,3,500,1500,2023,10,16,0,0,1500,True,False,True,True,False,False,False,1,37,1
712,2023-12-06,CUST712,57,2,25,50,2023,12,6,2,0,50,False,False,False,False,False,True,False,1,32,0
713,2023-01-14,CUST713,34,3,25,75,2023,1,14,5,1,75,True,False,False,False,True,False,False,0,23,0
714,2023-02-12,CUST714,18,1,500,500,2023,2,12,6,1,500,False,True,False,False,False,False,False,0,14,0
715,2023-11-26,CUST715,42,4,25,100,2023,11,26,6,1,100,False,False,False,False,True,False,False,1,29,0
716,2023-08-08,CUST716,60,4,300,1200,2023,8,8,1,0,1200,False,True,False,False,False,True,False,0,16,0
717,2023-03-11,CUST717,57,1,500,500,2023,3,11,5,1,500,True,True,False,False,False,True,False,0,4,0
718,2023-08-25,CUST718,59,3,25,75,2023,8,25,4,0,75,False,False,False,False,False,True,False,0,28,0
719,2023-04-04,CUST719,42,2,30,60,2023,4,4,1,0,60,False,True,False,False,True,False,False,0,3,0
720,2023-01-26,CUST720,56,3,500,1500,2023,1,26,3,0,1500,False,False,False,False,False,True,False,0,9,0
721,2023-05-14,CUST721,52,1,500,500,2023,5,14,6,1,500,False,True,False,False,False,True,False,0,16,0
722,2023-07-14,CUST722,20,3,300,900,2023,7,14,4,0,900,True,False,False,True,False,False,False,0,9,0
723,2023-06-17,CUST723,54,4,50,200,2023,6,17,5,1,200,False,False,False,False,False,True,False,0,16,0
724,2023-04-19,CUST724,61,3,50,150,2023,4,19,2,0,150,True,True,False,False,False,False,True,0,19,0
725,2023-08-21,CUST725,61,1,300,300,2023,8,21,0,0,300,True,False,True,False,False,False,True,0,23,0
726,2023-06-17,CUST726,47,4,300,1200,2023,6,17,5,1,1200,True,True,False,False,False,True,False,0,4,0
727,2023-06-22,CUST727,55,3,300,900,2023,6,22,3,0,900,True,False,False,False,False,True,False,0,33,0
728,2023-07-14,CUST728,51,3,50,150,2023,7,14,4,0,150,True,False,True,False,False,True,False,0,5,0
729,2023-05-23,CUST729,29,4,300,1200,2023,5,23,1,0,1200,True,True,False,True,False,False,False,0,1,0
730,2023-08-04,CUST730,36,2,25,50,2023,8,4,4,0,50,False,True,False,False,True,False,False,0,12,0
731,2023-05-10,CUST731,54,4,500,2000,2023,5,10,2,0,2000,True,True,False,False,False,True,False,0,10,0
732,2023-02-11,CUST732,61,2,500,1000,2023,2,11,5,1,1000,True,False,True,False,False,False,True,0,22,0
733,2023-08-29,CUST733,34,1,30,30,2023,8,29,1,0,30,True,False,False,False,True,False,False,0,15,0
734,2023-01-10,CUST734,27,1,30,30,2023,1,10,1,0,30,False,True,False,True,False,False,False,0,30,0
735,2023-10-04,CUST735,64,4,500,2000,2023,10,4,2,0,2000,False,True,False,False,False,False,True,1,10,1
736,2023-01-27,CUST736,29,4,25,100,2023,1,27,4,0,100,True,True,False,True,False,False,False,0,15,0
737,2023-06-29,CUST737,33,1,50,50,2023,6,29,3,0,50,False,True,False,False,True,False,False,0,7,0
738,2023-04-25,CUST738,41,2,50,100,2023,4,25,1,0,100,True,True,False,False,True,False,False,0,3,0
739,2023-11-29,CUST739,36,1,25,25,2023,11,29,2,0,25,True,False,False,False,True,False,False,1,39,0
740,2023-02-05,CUST740,25,4,50,200,2023,2,5,6,1,200,False,False,False,True,False,False,False,0,3,0
741,2023-11-30,CUST741,48,1,300,300,2023,11,30,3,0,300,True,True,False,False,False,True,False,1,24,0
742,2023-01-21,CUST742,38,4,500,2000,2023,1,21,5,1,2000,False,False,True,False,True,False,False,0,2,0
743,2023-01-16,CUST743,34,4,500,2000,2023,1,16,0,0,2000,False,False,False,False,True,False,False,0,31,0
744,2023-05-07,CUST744,40,1,25,25,2023,5,7,6,1,25,True,False,True,False,True,False,False,0,2,0
745,2023-04-13,CUST745,54,2,50,100,2023,4,13,3,0,100,True,False,False,False,False,True,False,0,26,0
746,2023-01-11,CUST746,33,3,30,90,2023,1,11,2,0,90,False,True,False,False,True,False,False,0,28,0
747,2023-11-15,CUST747,23,1,30,30,2023,11,15,2,0,30,True,False,False,True,False,False,False,1,31,0
748,2023-03-20,CUST748,25,3,50,150,2023,3,20,0,0,150,True,True,False,True,False,False,False,0,18,0
749,2023-05-03,CUST749,42,1,30,30,2023,5,3,2,0,30,True,False,False,False,True,False,False,0,20,0
750,2023-03-06,CUST750,35,3,25,75,2023,3,6,0,0,75,False,True,False,False,True,False,False,0,4,0
751,2023-08-31,CUST751,42,2,25,50,2023,8,31,3,0,50,False,True,False,False,True,False,False,0,17,0
752,2023-12-09,CUST752,29,2,50,100,2023,12,9,5,1,100,True,True,False,True,False,False,False,1,27,0
753,2023-02-28,CUST753,32,1,30,30,2023,2,28,1,0,30,False,True,False,False,True,False,False,0,21,0
754,2023-10-16,CUST754,43,4,25,100,2023,10,16,0,0,100,False,False,True,False,True,False,False,1,20,0
755,2023-04-22,CUST755,58,3,25,75,2023,4,22,5,1,75,False,True,False,False,False,True,False,0,5,0
756,2023-08-27,CUST756,62,4,300,1200,2023,8,27,6,1,1200,False,False,True,False,False,False,True,0,0,0
757,2023-12-25,CUST757,43,4,300,1200,2023,12,25,0,0,1200,False,False,True,False,True,False,False,1,4,0
758,2023-05-12,CUST758,64,4,25,100,2023,5,12,4,0,100,True,True,False,False,False,False,True,0,40,0
759,2023-07-08,CUST759,49,2,50,100,2023,7,8,5,1,100,True,False,True,False,False,True,False,0,11,0
760,2023-03-27,CUST760,27,1,500,500,2023,3,27,0,0,500,True,False,False,True,False,False,False,0,25,0
761,2023-11-07,CUST761,33,1,500,500,2023,11,7,1,0,500,False,True,False,False,True,False,False,1,33,0
762,2023-11-07,CUST762,24,2,25,50,2023,11,7,1,0,50,False,False,True,True,False,False,False,1,13,0
763,2023-02-28,CUST763,34,2,25,50,2023,2,28,1,0,50,True,True,False,False,True,False,False,0,25,0
764,2023-03-25,CUST764,40,1,25,25,2023,3,25,5,1,25,False,True,False,False,True,False,False,0,26,0
765,2023-06-09,CUST765,43,4,50,200,2023,6,9,4,0,200,True,True,False,False,True,False,False,0,8,0
766,2023-02-25,CUST766,38,3,300,900,2023,2,25,5,1,900,True,False,True,False,True,False,False,0,25,0
767,2023-10-24,CUST767,39,3,25,75,2023,10,24,1,0,75,True,False,False,False,True,False,False,1,21,0
768,2023-01-14,CUST768,24,3,25,75,2023,1,14,5,1,75,False,False,False,True,False,False,False,0,29,0
769,2023-06-09,CUST769,31,4,30,120,2023,6,9,4,0,120,False,False,True,False,True,False,False,0,16,0
770,2023-10-22,CUST770,32,1,50,50,2023,10,22,6,1,50,True,True,False,False,True,False,False,1,25,0
771,2023-12-13,CUST771,24,2,25,50,2023,12,13,2,0,50,True,False,True,True,False,False,False,1,35,0
772,2023-07-12,CUST772,26,1,30,30,2023,7,12,2,0,30,True,False,True,True,False,False,False,0,0,0
773,2023-07-23,CUST773,25,4,500,2000,2023,7,23,6,1,2000,True,False,True,True,False,False,False,0,7,1
774,2023-04-12,CUST774,40,2,25,50,2023,4,12,2,0,50,False,True,False,False,True,False,False,0,34,0
775,2023-02-08,CUST775,46,4,25,100,2023,2,8,2,0,100,False,False,True,False,False,True,False,0,14,0
776,2023-10-31,CUST776,35,3,30,90,2023,10,31,1,0,90,True,True,False,False,True,False,False,1,21,0
777,2023-12-20,CUST777,48,3,50,150,2023,12,20,2,0,150,True,False,True,False,False,True,False,1,13,0
778,2023-11-18,CUST778,47,4,25,100,2023,11,18,5,1,100,False,False,False,False,False,True,False,1,25,0
779,2023-05-05,CUST779,56,2,500,1000,2023,5,5,4,0,1000,False,False,True,False,False,True,False,0,27,0
780,2023-02-22,CUST780,52,2,25,50,2023,2,22,2,0,50,True,False,True,False,False,True,False,0,22,0
781,2023-12-23,CUST781,35,1,500,500,2023,12,23,5,1,500,True,False,False,False,True,False,False,1,13,0
782,2023-06-04,CUST782,59,3,300,900,2023,6,4,6,1,900,True,True,False,False,False,True,False,0,23,0
783,2023-12-17,CUST783,56,1,300,300,2023,12,17,6,1,300,False,True,False,False,False,True,False,1,1,1
784,2023-11-04,CUST784,34,1,500,500,2023,11,4,5,1,500,False,False,True,False,True,False,False,1,25,0
785,2023-03-03,CUST785,31,4,50,200,2023,3,3,4,0,200,False,False,False,False,True,False,False,0,13,0
786,2023-10-17,CUST786,48,4,25,100,2023,10,17,1,0,100,True,True,False,False,False,True,False,1,6,0
787,2023-01-22,CUST787,41,1,25,25,2023,1,22,6,1,25,True,False,True,False,True,False,False,0,2,0
788,2023-06-27,CUST788,52,3,300,900,2023,6,27,1,0,900,False,False,False,False,False,True,False,0,22,0
789,2023-09-30,CUST789,61,4,500,2000,2023,9,30,5,1,2000,False,True,False,False,False,False,True,0,17,0
790,2023-08-08,CUST790,62,1,25,25,2023,8,8,1,0,25,True,True,False,False,False,False,True,0,37,0
791,2023-12-05,CUST791,51,1,25,25,2023,12,5,1,0,25,False,False,False,False,False,True,False,1,34,0
792,2023-07-09,CUST792,20,1,50,50,2023,7,9,6,1,50,False,False,False,True,False,False,False,0,14,0
793,2023-02-05,CUST793,54,1,30,30,2023,2,5,6,1,30,True,False,False,False,False,True,False,0,24,0
794,2023-09-17,CUST794,60,1,300,300,2023,9,17,6,1,300,False,False,False,False,False,True,False,0,36,0
795,2023-11-28,CUST795,57,1,300,300,2023,11,28,1,0,300,True,False,True,False,False,True,False,1,27,0
796,2023-06-24,CUST796,43,4,30,120,2023,6,24,5,1,120,True,False,False,False,True,False,False,0,9,0
797,2023-01-07,CUST797,40,3,25,75,2023,1,7,5,1,75,True,True,False,False,True,False,False,0,38,0
798,2023-08-04,CUST798,61,1,50,50,2023,8,4,4,0,50,True,True,False,False,False,False,True,0,16,0
799,2023-09-08,CUST799,56,2,50,100,2023,9,8,4,0,100,True,False,True,False,False,True,False,0,38,0
800,2023-02-24,CUST800,32,4,300,1200,2023,2,24,4,0,1200,True,True,False,False,True,False,False,0,21,0
801,2023-08-10,CUST801,21,4,50,200,2023,8,10,3,0,200,True,True,False,True,False,False,False,0,25,0
802,2023-07-05,CUST802,46,1,30,30,2023,7,5,2,0,30,False,False,False,False,False,True,False,0,24,0
803,2023-11-22,CUST803,39,4,25,100,2023,11,22,2,0,100,True,True,False,False,True,False,False,1,16,0
804,2023-08-24,CUST804,42,1,30,30,2023,8,24,3,0,30,True,False,True,False,True,False,False,0,12,0
805,2023-12-29,CUST805,30,3,500,1500,2023,12,29,4,0,1500,False,False,False,True,False,False,False,1,19,0
806,2023-03-20,CUST806,35,3,300,900,2023,3,20,0,0,900,False,False,False,False,True,False,False,0,24,0
807,2023-08-11,CUST807,50,4,50,200,2023,8,11,4,0,200,False,False,True,False,False,True,False,0,3,0
808,2023-04-01,CUST808,33,4,500,2000,2023,4,1,5,1,2000,True,False,False,False,True,False,False,0,9,0
809,2023-09-25,CUST809,62,2,50,100,2023,9,25,0,0,100,False,False,False,False,False,False,True,0,2,0
810,2023-11-30,CUST810,59,4,25,100,2023,11,30,3,0,100,True,False,True,False,False,True,False,1,40,0
811,2023-05-19,CUST811,61,2,25,50,2023,5,19,4,0,50,True,False,False,False,False,False,True,0,17,0
812,2023-11-12,CUST812,19,3,25,75,2023,11,12,6,1,75,True,False,True,True,False,False,False,1,35,0
813,2023-10-03,CUST813,52,3,50,150,2023,10,3,1,0,150,True,False,True,False,False,True,False,1,21,0
814,2023-09-05,CUST814,59,1,500,500,2023,9,5,1,0,500,False,True,False,False,False,True,False,0,33,0
815,2023-08-27,CUST815,51,3,25,75,2023,8,27,6,1,75,False,True,False,False,False,True,False,0,7,0
816,2023-08-12,CUST816,47,2,500,1000,2023,8,12,5,1,1000,True,False,False,False,False,True,False,0,39,0
817,2023-10-31,CUST817,30,4,50,200,2023,10,31,1,0,200,True,False,False,True,False,False,False,1,18,0
818,2023-05-18,CUST818,30,1,500,500,2023,5,18,3,0,500,True,False,True,True,False,False,False,0,40,0
819,2023-06-15,CUST819,35,2,50,100,2023,6,15,3,0,100,False,False,False,False,True,False,False,0,36,0
820,2023-05-06,CUST820,49,4,50,200,2023,5,6,5,1,200,True,False,True,False,False,True,False,0,5,0
821,2023-02-14,CUST821,49,1,300,300,2023,2,14,1,0,300,True,False,True,False,False,True,False,0,25,0
822,2023-05-23,CUST822,52,3,50,150,2023,5,23,1,0,150,False,False,False,False,False,True,False,0,33,0
823,2023-08-19,CUST823,56,2,50,100,2023,8,19,5,1,100,False,False,True,False,False,True,False,0,5,0
824,2023-05-05,CUST824,63,4,30,120,2023,5,5,4,0,120,True,True,False,False,False,False,True,0,36,0
825,2023-08-26,CUST825,46,1,25,25,2023,8,26,5,1,25,False,False,False,False,False,True,False,0,32,0
826,2023-10-19,CUST826,46,1,300,300,2023,10,19,3,0,300,False,True,False,False,False,True,False,1,21,0
827,2023-11-09,CUST827,61,3,300,900,2023,11,9,3,0,900,True,False,False,False,False,False,True,1,20,0
828,2023-12-09,CUST828,33,4,300,1200,2023,12,9,5,1,1200,False,False,True,False,True,False,False,1,5,0
829,2023-07-14,CUST829,61,3,30,90,2023,7,14,4,0,90,True,False,False,False,False,False,True,0,5,0
830,2023-06-22,CUST830,64,3,50,150,2023,6,22,3,0,150,False,True,False,False,False,False,True,0,3,0
831,2023-01-15,CUST831,27,4,25,100,2023,1,15,6,1,100,True,False,True,True,False,False,False,0,29,0
832,2023-09-11,CUST832,47,4,500,2000,2023,9,11,0,0,2000,True,False,False,False,False,True,False,0,10,0
833,2023-06-16,CUST833,42,4,50,200,2023,6,16,4,0,200,True,False,False,False,True,False,False,0,29,0
834,2023-04-04,CUST834,56,2,30,60,2023,4,4,1,0,60,False,False,False,False,False,True,False,0,30,0
835,2023-09-07,CUST835,37,4,50,200,2023,9,7,3,0,200,True,True,False,False,True,False,False,0,23,0
836,2023-04-19,CUST836,22,1,50,50,2023,4,19,2,0,50,False,True,False,True,False,False,False,0,8,0
837,2023-07-01,CUST837,18,3,30,90,2023,7,1,5,1,90,True,False,False,False,False,False,False,0,2,0
838,2023-05-13,CUST838,47,2,300,600,2023,5,13,5,1,600,True,False,True,False,False,True,False,0,30,0
839,2023-06-24,CUST839,20,4,300,1200,2023,6,24,5,1,1200,False,False,True,True,False,False,False,0,39,0
840,2023-05-24,CUST840,62,2,25,50,2023,5,24,2,0,50,True,True,False,False,False,False,True,0,36,0
841,2023-11-02,CUST841,31,4,25,100,2023,11,2,3,0,100,True,False,True,False,True,False,False,1,35,0
842,2023-12-26,CUST842,47,2,300,600,2023,12,26,1,0,600,False,True,False,False,False,True,False,1,23,0
843,2023-05-22,CUST843,21,3,500,1500,2023,5,22,0,0,1500,True,False,False,True,False,False,False,0,30,0
844,2023-10-12,CUST844,35,3,50,150,2023,10,12,3,0,150,True,True,False,False,True,False,False,1,5,0
845,2023-01-06,CUST845,54,1,500,500,2023,1,6,4,0,500,True,True,False,False,False,True,False,0,1,0
846,2023-09-22,CUST846,42,1,50,50,2023,9,22,4,0,50,True,False,False,False,True,False,False,0,19,0
847,2023-04-08,CUST847,18,4,300,1200,2023,4,8,5,1,1200,False,False,True,False,False,False,False,0,27,0
848,2023-02-13,CUST848,63,3,25,75,2023,2,13,0,0,75,False,True,False,False,False,False,True,0,10,0
849,2023-05-04,CUST849,32,2,25,50,2023,5,4,3,0,50,True,True,False,False,True,False,False,0,3,0
850,2023-07-28,CUST850,26,2,500,1000,2023,7,28,4,0,1000,False,False,False,True,False,False,False,0,14,0
851,2023-09-08,CUST851,32,2,25,50,2023,9,8,4,0,50,True,False,True,False,True,False,False,0,5,0
852,2023-10-12,CUST852,41,1,300,300,2023,10,12,3,0,300,False,True,False,False,True,False,False,1,29,0
853,2023-05-04,CUST853,21,2,500,1000,2023,5,4,3,0,1000,True,False,False,True,False,False,False,0,37,0
854,2023-12-20,CUST854,29,1,50,50,2023,12,20,2,0,50,True,True,False,True,False,False,False,1,1,0
855,2023-09-01,CUST855,54,1,25,25,2023,9,1,4,0,25,True,False,False,False,False,True,False,0,14,0
856,2023-11-27,CUST856,54,4,30,120,2023,11,27,0,0,120,True,False,True,False,False,True,False,1,10,0
857,2023-12-31,CUST857,60,2,25,50,2023,12,31,6,1,50,True,False,True,False,False,True,False,1,7,0
858,2023-09-09,CUST858,23,2,50,100,2023,9,9,5,1,100,True,False,True,True,False,False,False,0,25,0
859,2023-08-18,CUST859,56,3,500,1500,2023,8,18,4,0,1500,False,False,True,False,False,True,False,0,4,0
860,2023-01-09,CUST860,63,4,50,200,2023,1,9,0,0,200,True,True,False,False,False,False,True,0,5,0
861,2023-02-17,CUST861,41,3,30,90,2023,2,17,4,0,90,False,True,False,False,True,False,False,0,25,0
862,2023-05-31,CUST862,28,4,300,1200,2023,5,31,2,0,1200,True,False,True,True,False,False,False,0,3,0
863,2023-04-24,CUST863,30,2,25,50,2023,4,24,0,0,50,False,False,True,True,False,False,False,0,18,0
864,2023-07-27,CUST864,51,1,500,500,2023,7,27,3,0,500,False,False,True,False,False,True,False,0,19,0
865,2023-12-21,CUST865,42,1,300,300,2023,12,21,3,0,300,False,True,False,False,True,False,False,1,32,0
866,2023-05-05,CUST866,24,1,50,50,2023,5,5,4,0,50,True,False,True,True,False,False,False,0,19,0
867,2023-06-06,CUST867,21,1,500,500,2023,6,6,1,0,500,True,False,True,True,False,False,False,0,11,0
868,2023-12-06,CUST868,25,1,300,300,2023,12,6,2,0,300,False,False,True,True,False,False,False,1,0,0
869,2023-10-25,CUST869,37,3,500,1500,2023,10,25,2,0,1500,True,False,False,False,True,False,False,1,25,0
870,2023-07-08,CUST870,46,4,30,120,2023,7,8,5,1,120,False,False,True,False,False,True,False,0,13,0
871,2023-08-31,CUST871,62,2,30,60,2023,8,31,3,0,60,True,False,False,False,False,False,True,0,37,0
872,2023-10-11,CUST872,63,3,25,75,2023,10,11,2,0,75,False,False,False,False,False,False,True,1,36,0
873,2023-09-29,CUST873,27,4,25,100,2023,9,29,4,0,100,False,False,True,True,False,False,False,0,10,0
874,2023-06-26,CUST874,60,1,30,30,2023,6,26,0,0,30,True,False,False,False,False,True,False,0,35,0
875,2023-08-06,CUST875,51,4,500,2000,2023,8,6,6,1,2000,False,False,True,False,False,True,False,0,12,0
876,2023-10-09,CUST876,43,4,30,120,2023,10,9,0,0,120,True,True,False,False,True,False,False,1,2,0
877,2023-06-19,CUST877,58,1,25,25,2023,6,19,0,0,25,False,True,False,False,False,True,False,0,32,0
878,2023-06-30,CUST878,20,1,30,30,2023,6,30,4,0,30,False,True,False,True,False,False,False,0,5,0
879,2023-12-26,CUST879,23,1,30,30,2023,12,26,1,0,30,True,True,False,True,False,False,False,1,9,0
880,2023-08-21,CUST880,22,2,500,1000,2023,8,21,0,0,1000,True,False,False,True,False,False,False,0,4,0
881,2023-05-19,CUST881,22,1,300,300,2023,5,19,4,0,300,True,False,True,True,False,False,False,0,22,0
882,2023-06-06,CUST882,64,2,25,50,2023,6,6,1,0,50,False,False,True,False,False,False,True,0,9,0
883,2023-05-09,CUST883,40,1,500,500,2023,5,9,1,0,500,True,False,True,False,True,False,False,0,1,0
884,2023-04-29,CUST884,26,2,30,60,2023,4,29,5,1,60,False,True,False,True,False,False,False,0,12,0
885,2023-03-03,CUST885,52,4,30,120,2023,3,3,4,0,120,False,True,False,False,False,True,False,0,39,0
886,2023-04-09,CUST886,37,3,300,900,2023,4,9,6,1,900,True,False,True,False,True,False,False,0,1,0
887,2023-06-11,CUST887,59,4,25,100,2023,6,11,6,1,100,True,True,False,False,False,True,False,0,19,0
888,2023-03-03,CUST888,52,4,25,100,2023,3,3,4,0,100,False,False,True,False,False,True,False,0,0,0
889,2023-10-02,CUST889,35,1,50,50,2023,10,2,0,0,50,False,False,True,False,True,False,False,1,36,0
890,2023-12-20,CUST890,34,2,25,50,2023,12,20,2,0,50,True,False,True,False,True,False,False,1,8,0
891,2023-04-05,CUST891,41,3,300,900,2023,4,5,2,0,900,True,False,True,False,True,False,False,0,16,0
892,2023-04-09,CUST892,20,1,50,50,2023,4,9,6,1,50,True,False,True,True,False,False,False,0,8,0
893,2023-04-21,CUST893,49,1,50,50,2023,4,21,4,0,50,True,False,True,False,False,True,False,0,10,0
894,2023-09-05,CUST894,52,1,30,30,2023,9,5,1,0,30,True,False,True,False,False,True,False,0,14,0
895,2023-05-22,CUST895,55,4,30,120,2023,5,22,0,0,120,False,True,False,False,False,True,False,0,23,0
896,2023-10-29,CUST896,30,2,25,50,2023,10,29,6,1,50,False,False,True,True,False,False,False,1,37,0
897,2023-09-26,CUST897,64,2,50,100,2023,9,26,1,0,100,False,False,True,False,False,False,True,0,34,0
898,2023-11-02,CUST898,42,3,30,90,2023,11,2,3,0,90,False,True,False,False,True,False,False,1,29,0
899,2023-05-25,CUST899,26,2,300,600,2023,5,25,3,0,600,True,True,False,True,False,False,False,0,30,0
900,2023-02-21,CUST900,21,2,30,60,2023,2,21,1,0,60,True,True,False,True,False,False,False,0,4,0
901,2023-04-10,CUST901,31,1,30,30,2023,4,10,0,0,30,True,False,True,False,True,False,False,0,13,0
902,2023-06-01,CUST902,54,1,50,50,2023,6,1,3,0,50,False,False,False,False,False,True,False,0,10,0
903,2023-04-27,CUST903,51,4,50,200,2023,4,27,3,0,200,False,False,False,False,False,True,False,0,8,0
904,2023-07-04,CUST904,28,1,500,500,2023,7,4,1,0,500,True,True,False,True,False,False,False,0,33,0
905,2023-04-02,CUST905,58,1,300,300,2023,4,2,6,1,300,True,False,False,False,False,True,False,0,11,0
906,2023-06-04,CUST906,20,1,50,50,2023,6,4,6,1,50,False,True,False,True,False,False,False,0,34,0
907,2023-01-08,CUST907,45,1,25,25,2023,1,8,6,1,25,False,False,True,False,True,False,False,0,34,0
908,2023-12-29,CUST908,46,4,300,1200,2023,12,29,4,0,1200,True,False,False,False,False,True,False,1,0,0
909,2023-10-01,CUST909,26,1,300,300,2023,10,1,6,1,300,True,False,True,True,False,False,False,1,39,0
910,2023-03-06,CUST910,20,3,50,150,2023,3,6,0,0,150,False,False,False,True,False,False,False,0,21,0
911,2023-05-21,CUST911,42,3,300,900,2023,5,21,6,1,900,True,False,True,False,True,False,False,0,28,0
912,2023-01-24,CUST912,51,3,50,150,2023,1,24,1,0,150,True,False,False,False,False,True,False,0,7,0
913,2023-01-28,CUST913,29,3,30,90,2023,1,28,5,1,90,True,False,True,True,False,False,False,0,10,0
914,2023-10-11,CUST914,59,1,500,500,2023,10,11,2,0,500,False,False,True,False,False,True,False,1,40,1
915,2023-05-30,CUST915,26,3,30,90,2023,5,30,1,0,90,False,False,False,True,False,False,False,0,36,0
916,2023-12-24,CUST916,32,1,50,50,2023,12,24,6,1,50,False,False,True,False,True,False,False,1,13,0
917,2023-03-06,CUST917,57,4,50,200,2023,3,6,0,0,200,False,False,True,False,False,True,False,0,29,0
918,2023-11-23,CUST918,42,3,30,90,2023,11,23,3,0,90,False,False,True,False,True,False,False,1,34,0
919,2023-09-09,CUST919,22,2,25,50,2023,9,9,5,1,50,False,False,False,True,False,False,False,0,20,0
920,2023-02-22,CUST920,28,3,25,75,2023,2,22,2,0,75,False,False,False,True,False,False,False,0,36,0
921,2023-01-07,CUST921,51,3,25,75,2023,1,7,5,1,75,True,False,True,False,False,True,False,0,4,0
922,2023-10-21,CUST922,41,1,50,50,2023,10,21,5,1,50,True,False,True,False,True,False,False,1,18,0
923,2023-05-26,CUST923,32,3,300,900,2023,5,26,4,0,900,True,False,False,False,True,False,False,0,13,0
924,2023-08-29,CUST924,55,2,50,100,2023,8,29,1,0,100,True,False,False,False,False,True,False,0,25,0
925,2023-09-03,CUST925,25,1,300,300,2023,9,3,6,1,300,True,False,True,True,False,False,False,0,3,0
926,2023-08-14,CUST926,22,1,30,30,2023,8,14,0,0,30,True,False,True,True,False,False,False,0,24,0
927,2023-06-24,CUST927,43,4,500,2000,2023,6,24,5,1,2000,True,False,True,False,True,False,False,0,24,0
928,2023-04-05,CUST928,35,4,300,1200,2023,4,5,2,0,1200,False,True,False,False,True,False,False,0,17,0
929,2023-01-27,CUST929,23,3,25,75,2023,1,27,4,0,75,False,False,False,True,False,False,False,0,39,0
930,2023-05-10,CUST930,54,4,50,200,2023,5,10,2,0,200,True,True,False,False,False,True,False,0,7,0
931,2023-09-02,CUST931,30,4,30,120,2023,9,2,5,1,120,True,False,False,True,False,False,False,0,38,0
932,2023-02-28,CUST932,45,4,25,100,2023,2,28,1,0,100,False,False,False,False,True,False,False,0,39,0
933,2023-02-03,CUST933,22,1,30,30,2023,2,3,4,0,30,True,False,False,True,False,False,False,0,13,0
934,2023-07-25,CUST934,30,1,500,500,2023,7,25,1,0,500,True,False,False,True,False,False,False,0,31,0
935,2023-09-09,CUST935,34,1,50,50,2023,9,9,5,1,50,False,False,False,False,True,False,False,0,37,0
936,2023-02-07,CUST936,57,4,50,200,2023,2,7,1,0,200,True,False,False,False,False,True,False,0,32,0
937,2023-10-23,CUST937,62,1,500,500,2023,10,23,0,0,500,False,False,False,False,False,False,True,1,22,1
938,2023-11-19,CUST938,49,4,50,200,2023,11,19,6,1,200,True,True,False,False,False,True,False,1,14,0
939,2023-12-18,CUST939,46,1,300,300,2023,12,18,0,0,300,False,False,True,False,False,True,False,1,32,0
940,2023-01-28,CUST940,20,1,30,30,2023,1,28,5,1,30,False,False,True,True,False,False,False,0,24,0
941,2023-03-19,CUST941,57,2,25,50,2023,3,19,6,1,50,False,True,False,False,False,True,False,0,16,0
942,2023-03-18,CUST942,51,3,500,1500,2023,3,18,5,1,1500,True,True,False,False,False,True,False,0,32,0
943,2023-10-16,CUST943,57,4,300,1200,2023,10,16,0,0,1200,False,True,False,False,False,True,False,1,1,0
944,2023-06-05,CUST944,44,2,25,50,2023,6,5,0,0,50,True,True,False,False,True,False,False,0,13,0
945,2023-02-13,CUST945,30,1,25,25,2023,2,13,0,0,25,True,False,False,True,False,False,False,0,39,0
946,2023-05-08,CUST946,62,4,500,2000,2023,5,8,0,0,2000,True,False,True,False,False,False,True,0,39,1
947,2023-03-02,CUST947,50,1,300,300,2023,3,2,3,0,300,True,False,False,False,False,True,False,0,38,0
948,2023-10-13,CUST948,23,3,25,75,2023,10,13,4,0,75,False,False,True,True,False,False,False,1,5,0
949,2023-08-02,CUST949,41,2,25,50,2023,8,2,2,0,50,False,False,True,False,True,False,False,0,5,0
950,2023-11-07,CUST950,36,3,300,900,2023,11,7,1,0,900,True,True,False,False,True,False,False,1,2,0
951,2023-11-02,CUST951,33,2,50,100,2023,11,2,3,0,100,True,False,False,False,True,False,False,1,6,0
952,2023-11-13,CUST952,57,1,25,25,2023,11,13,0,0,25,False,True,False,False,False,True,False,1,7,0
953,2023-04-26,CUST953,45,3,30,90,2023,4,26,2,0,90,True,False,False,False,True,False,False,0,14,0
954,2023-09-25,CUST954,50,3,300,900,2023,9,25,0,0,900,False,False,True,False,False,True,False,0,28,0
955,2023-07-14,CUST955,58,1,25,25,2023,7,14,4,0,25,True,True,False,False,False,True,False,0,32,0
956,2023-08-19,CUST956,30,3,500,1500,2023,8,19,5,1,1500,True,True,False,True,False,False,False,0,29,0
957,2023-08-15,CUST957,60,4,30,120,2023,8,15,1,0,120,False,False,True,False,False,True,False,0,38,0
958,2023-06-02,CUST958,62,2,25,50,2023,6,2,4,0,50,True,False,True,False,False,False,True,0,26,0
959,2023-10-29,CUST959,42,2,30,60,2023,10,29,6,1,60,False,False,True,False,True,False,False,1,35,0
960,2023-08-08,CUST960,59,2,30,60,2023,8,8,1,0,60,True,True,False,False,False,True,False,0,28,0
961,2023-06-06,CUST961,53,4,50,200,2023,6,6,1,0,200,True,False,False,False,False,True,False,0,37,0
962,2023-10-19,CUST962,44,2,30,60,2023,10,19,3,0,60,True,True,False,False,True,False,False,1,32,0
963,2023-11-14,CUST963,55,1,50,50,2023,11,14,1,0,50,False,False,False,False,False,True,False,1,36,0
964,2023-01-31,CUST964,24,3,300,900,2023,1,31,1,0,900,True,True,False,True,False,False,False,0,26,0
965,2023-11-09,CUST965,22,4,50,200,2023,11,9,3,0,200,True,True,False,True,False,False,False,1,32,0
966,2023-02-20,CUST966,60,2,500,1000,2023,2,20,0,0,1000,True,False,True,False,False,True,False,0,3,0
967,2023-04-17,CUST967,62,1,25,25,2023,4,17,0,0,25,True,False,False,False,False,False,True,0,21,0
968,2023-11-17,CUST968,48,3,300,900,2023,11,17,4,0,900,False,True,False,False,False,True,False,1,1,0
969,2023-04-19,CUST969,40,3,300,900,2023,4,19,2,0,900,False,True,False,False,True,False,False,0,9,0
970,2023-05-16,CUST970,59,4,500,2000,2023,5,16,1,0,2000,True,False,True,False,False,True,False,0,4,0
971,2023-12-05,CUST971,27,4,50,200,2023,12,5,1,0,200,False,False,True,True,False,False,False,1,9,0
972,2023-02-11,CUST972,49,4,25,100,2023,2,11,5,1,100,True,False,False,False,False,True,False,0,32,0
973,2023-03-22,CUST973,60,1,50,50,2023,3,22,2,0,50,True,True,False,False,False,True,False,0,37,0
974,2023-05-03,CUST974,47,1,30,30,2023,5,3,2,0,30,True,False,False,False,False,True,False,0,12,0
975,2023-03-30,CUST975,56,4,50,200,2023,3,30,3,0,200,False,True,False,False,False,True,False,0,30,0
976,2023-10-10,CUST976,48,2,300,600,2023,10,10,1,0,600,False,False,False,False,False,True,False,1,35,0
977,2023-02-08,CUST977,35,3,25,75,2023,2,8,2,0,75,False,False,True,False,True,False,False,0,23,0
978,2023-03-22,CUST978,53,3,50,150,2023,3,22,2,0,150,False,True,False,False,False,True,False,0,14,0
979,2023-01-02,CUST979,19,1,25,25,2023,1,2,0,0,25,False,False,False,True,False,False,False,0,28,0
980,2023-07-29,CUST980,31,3,25,75,2023,7,29,5,1,75,False,False,True,False,True,False,False,0,7,0
981,2023-08-19,CUST981,30,2,30,60,2023,8,19,5,1,60,False,False,True,True,False,False,False,0,4,0
982,2023-12-19,CUST982,46,3,30,90,2023,12,19,1,0,90,False,False,False,False,False,True,False,1,28,0
983,2023-11-01,CUST983,29,1,300,300,2023,11,1,2,0,300,False,True,False,True,False,False,False,1,3,0
984,2023-08-29,CUST984,56,1,500,500,2023,8,29,1,0,500,True,True,False,False,False,True,False,0,11,0
985,2023-05-30,CUST985,19,2,25,50,2023,5,30,1,0,50,False,False,True,True,False,False,False,0,1,0
986,2023-01-17,CUST986,49,2,500,1000,2023,1,17,1,0,1000,False,True,False,False,False,True,False,0,26,0
987,2023-04-29,CUST987,30,3,300,900,2023,4,29,5,1,900,False,True,False,True,False,False,False,0,30,0
988,2023-05-28,CUST988,63,3,25,75,2023,5,28,6,1,75,False,True,False,False,False,False,True,0,35,0
989,2023-12-28,CUST989,44,1,25,25,2023,12,28,3,0,25,False,False,True,False,True,False,False,1,35,0
990,2023-05-25,CUST990,58,2,500,1000,2023,5,25,3,0,1000,False,False,False,False,False,True,False,0,25,0
991,2023-12-26,CUST991,34,2,50,100,2023,12,26,1,0,100,False,True,False,False,True,False,False,1,26,0
992,2023-08-21,CUST992,57,2,30,60,2023,8,21,0,0,60,False,False,True,False,False,True,False,0,4,0
993,2023-02-06,CUST993,48,3,50,150,2023,2,6,0,0,150,False,False,True,False,False,True,False,0,19,0
994,2023-12-18,CUST994,51,2,500,1000,2023,12,18,0,0,1000,False,False,False,False,False,True,False,1,10,0
995,2023-04-30,CUST995,41,1,30,30,2023,4,30,6,1,30,False,True,False,False,True,False,False,0,9,0
996,2023-05-16,CUST996,62,1,50,50,2023,5,16,1,0,50,True,True,False,False,False,False,True,0,39,0
997,2023-11-17,CUST997,52,3,30,90,2023,11,17,4,0,90,True,False,False,False,False,True,False,1,37,0
998,2023-10-29,CUST998,23,4,25,100,2023,10,29,6,1,100,False,False,False,True,False,False,False,1,5,0
999,2023-12-05,CUST999,36,3,50,150,2023,12,5,1,0,150,False,False,True,False,True,False,False,1,7,0
1000,2023-04-12,CUST1000,47,4,30,120,2023,4,12,2,0,120,True,False,True,False,False,True,False,0,22,0
